DeckDescriptor;UnitDescriptor;AvailableWithoutTransport;AvailableTransportList;MaxPackNumber;NumberOfUnitInPack;NumberOfUnitInPackXPMultiplier
"Descriptor_Deck_Division_RDA_4_MSD_multi";"Descriptor_Unit_2K12_KUB_DDR";1;;2;4;"[0.0, 1.0, 0.5, 0.25]"
"Descriptor_Deck_Division_RDA_4_MSD_multi";"Descriptor_Unit_2S1_DDR";1;;1;6;"[0.0, 0.0, 1.0, 0.66]"
"Descriptor_Deck_Division_RDA_4_MSD_multi";"Descriptor_Unit_2S3_DDR";1;;2;3;"[0.0, 0.0, 1.0, 0.66]"
"Descriptor_Deck_Division_RDA_4_MSD_multi";"Descriptor_Unit_ATteam_Fagot_DDR";0;"['Descriptor_Unit_BMP_1_SP1_DDR', 'Descriptor_Unit_BTR_50_DDR', 'Descriptor_Unit_BTR_70_DDR', 'Descriptor_Unit_UAZ_469_trans_DDR']";1;9;"[0.0, 0.0, 1.0, 0.66]"
"Descriptor_Deck_Division_RDA_4_MSD_multi";"Descriptor_Unit_ATteam_Fagot_FJ_DDR";0;"['Descriptor_Unit_Mi_2_trans_DDR', 'Descriptor_Unit_UAZ_469_trans_DDR']";1;6;"[0.0, 0.0, 0.0, 1.0]"
"Descriptor_Deck_Division_RDA_4_MSD_multi";"Descriptor_Unit_ATteam_Konkurs_DDR";0;"['Descriptor_Unit_BMP_1_SP1_DDR', 'Descriptor_Unit_BTR_50_DDR', 'Descriptor_Unit_BTR_70_DDR', 'Descriptor_Unit_UAZ_469_trans_DDR']";1;6;"[0.0, 1.0, 0.66, 0.3]"
"Descriptor_Deck_Division_RDA_4_MSD_multi";"Descriptor_Unit_ATteam_RCL_SPG9_FJ_DDR";0;"['Descriptor_Unit_Mi_2_trans_DDR', 'Descriptor_Unit_UAZ_469_trans_DDR']";1;6;"[0.0, 0.0, 0.0, 1.0]"
"Descriptor_Deck_Division_RDA_4_MSD_multi";"Descriptor_Unit_BM30_Smerch_SOV";1;;2;1;"[0.0, 1.0, 0.0, 0.0]"
"Descriptor_Deck_Division_RDA_4_MSD_multi";"Descriptor_Unit_BMP_1_CMD_DDR";1;;2;3;"[0.0, 0.0, 0.0, 1.0]"
"Descriptor_Deck_Division_RDA_4_MSD_multi";"Descriptor_Unit_BRDM_2_CMD_DDR";1;;2;3;"[0.0, 0.0, 0.0, 1.0]"
"Descriptor_Deck_Division_RDA_4_MSD_multi";"Descriptor_Unit_BRDM_2_DDR";1;;2;9;"[0.0, 0.0, 1.0, 0.66]"
"Descriptor_Deck_Division_RDA_4_MSD_multi";"Descriptor_Unit_BRDM_Konkurs_DDR";1;;2;9;"[0.0, 0.0, 1.0, 0.66]"
"Descriptor_Deck_Division_RDA_4_MSD_multi";"Descriptor_Unit_BRM_1_DDR";1;;1;6;"[0.0, 0.0, 1.0, 0.66]"
"Descriptor_Deck_Division_RDA_4_MSD_multi";"Descriptor_Unit_BTR_50_CMD_DDR";1;;1;3;"[0.0, 0.0, 1.0, 0.0]"
"Descriptor_Deck_Division_RDA_4_MSD_multi";"Descriptor_Unit_Engineers_CMD_DDR";0;"['Descriptor_Unit_BTR_70_DDR', 'Descriptor_Unit_MTLB_trans_DDR', 'Descriptor_Unit_UAZ_469_trans_DDR']";1;3;"[0.0, 0.0, 0.0, 1.0]"
"Descriptor_Deck_Division_RDA_4_MSD_multi";"Descriptor_Unit_Engineers_DDR";0;"['Descriptor_Unit_BTR_70_DDR', 'Descriptor_Unit_MTLB_trans_DDR', 'Descriptor_Unit_W50_LA_A_DDR']";1;9;"[0.0, 0.0, 1.0, 0.66]"
"Descriptor_Deck_Division_RDA_4_MSD_multi";"Descriptor_Unit_Engineers_Flam_DDR";0;"['Descriptor_Unit_BTR_70_DDR', 'Descriptor_Unit_MTLB_trans_DDR', 'Descriptor_Unit_W50_LA_A_DDR']";1;6;"[0.0, 0.0, 1.0, 0.66]"
"Descriptor_Deck_Division_RDA_4_MSD_multi";"Descriptor_Unit_Fallschirmjager_CMD_DDR";0;"['Descriptor_Unit_Mi_2_trans_DDR', 'Descriptor_Unit_Mi_8T_DDR', 'Descriptor_Unit_UAZ_469_trans_DDR']";1;3;"[0.0, 0.0, 0.0, 1.0]"
"Descriptor_Deck_Division_RDA_4_MSD_multi";"Descriptor_Unit_Fallschirmjager_DDR";0;"['Descriptor_Unit_Mi_2_trans_DDR', 'Descriptor_Unit_Mi_8T_DDR', 'Descriptor_Unit_W50_LA_A_DDR']";2;4;"[0.0, 0.0, 0.0, 1.0]"
"Descriptor_Deck_Division_RDA_4_MSD_multi";"Descriptor_Unit_Fallschirmjager_FalseFlag_DDR";0;"['Descriptor_Unit_Mi_2_trans_DDR', 'Descriptor_Unit_W50_LA_A_DDR']";2;3;"[0.0, 0.0, 0.0, 1.0]"
"Descriptor_Deck_Division_RDA_4_MSD_multi";"Descriptor_Unit_Fallschirmjager_FlaseFlag_Demo_DDR";0;"['Descriptor_Unit_Mi_2_trans_DDR', 'Descriptor_Unit_W50_LA_A_DDR']";2;3;"[0.0, 0.0, 0.0, 1.0]"
"Descriptor_Deck_Division_RDA_4_MSD_multi";"Descriptor_Unit_Fallschirmjager_Metys_DDR";0;"['Descriptor_Unit_Mi_2_trans_DDR', 'Descriptor_Unit_Mi_8T_DDR', 'Descriptor_Unit_W50_LA_A_DDR']";1;4;"[0.0, 0.0, 0.0, 1.0]"
"Descriptor_Deck_Division_RDA_4_MSD_multi";"Descriptor_Unit_HvyScout_DDR";0;"['Descriptor_Unit_BMP_1_SP1_DDR', 'Descriptor_Unit_BMP_1_SP2_DDR', 'Descriptor_Unit_Mi_8T_DDR', 'Descriptor_Unit_W50_LA_A_DDR']";1;6;"[0.0, 0.0, 1.0, 0.66]"
"Descriptor_Deck_Division_RDA_4_MSD_multi";"Descriptor_Unit_MANPAD_Strela_2M_DDR";0;"['Descriptor_Unit_UAZ_469_trans_DDR']";5;12;"[0.0, 0.0, 1.0, 0.66]"
"Descriptor_Deck_Division_RDA_4_MSD_multi";"Descriptor_Unit_MFRW_RM70_DDR";1;;3;3;"[0.0, 0.0, 1.0, 0.66]"
"Descriptor_Deck_Division_RDA_4_MSD_multi";"Descriptor_Unit_MTLB_Strela10_DDR";1;;2;6;"[0.0, 0.0, 1.0, 0.66]"
"Descriptor_Deck_Division_RDA_4_MSD_multi";"Descriptor_Unit_MTLB_supply_DDR";1;;2;10;"[0.0, 1.0, 0.0, 0.0]"
"Descriptor_Deck_Division_RDA_4_MSD_multi";"Descriptor_Unit_MiG_21PFM_AA_DDR";1;;2;4;"[0.0, 1.0, 0.5, 0.25]"
"Descriptor_Deck_Division_RDA_4_MSD_multi";"Descriptor_Unit_MiG_21PFM_DDR";1;;1;3;"[0.0, 1.0, 0.66, 0.3]"
"Descriptor_Deck_Division_RDA_4_MSD_multi";"Descriptor_Unit_MiG_21bis_AA2_DDR";1;;2;4;"[0.0, 1.0, 0.5, 0.25]"
"Descriptor_Deck_Division_RDA_4_MSD_multi";"Descriptor_Unit_MiG_21bis_HE_DDR";1;;1;3;"[0.0, 1.0, 0.66, 0.3]"
"Descriptor_Deck_Division_RDA_4_MSD_multi";"Descriptor_Unit_MiG_23BN_AT_DDR";1;;2;2;"[0.0, 1.0, 0.5, 0.0]"
"Descriptor_Deck_Division_RDA_4_MSD_multi";"Descriptor_Unit_MiG_23MF_AA_DDR";1;;1;2;"[0.0, 0.0, 1.0, 0.5]"
"Descriptor_Deck_Division_RDA_4_MSD_multi";"Descriptor_Unit_MiG_23MF_DDR";1;;1;2;"[0.0, 1.0, 0.5, 0.0]"
"Descriptor_Deck_Division_RDA_4_MSD_multi";"Descriptor_Unit_MiG_29_AA_DDR";1;;1;2;"[0.0, 1.0, 0.5, 0.0]"
"Descriptor_Deck_Division_RDA_4_MSD_multi";"Descriptor_Unit_Mi_24D_AA_DDR";1;;1;1;"[0.0, 0.0, 1.0, 0.0]"
"Descriptor_Deck_Division_RDA_4_MSD_multi";"Descriptor_Unit_Mi_24D_s5_AT_DDR";1;;2;1;"[0.0, 0.0, 1.0, 0.0]"
"Descriptor_Deck_Division_RDA_4_MSD_multi";"Descriptor_Unit_Mi_24D_s8_AT_DDR";1;;2;1;"[0.0, 0.0, 1.0, 0.0]"
"Descriptor_Deck_Division_RDA_4_MSD_multi";"Descriptor_Unit_Mi_24P_s8_AT2_DDR";1;;1;1;"[0.0, 0.0, 1.0, 0.0]"
"Descriptor_Deck_Division_RDA_4_MSD_multi";"Descriptor_Unit_Mi_24P_s8_AT_DDR";1;;1;1;"[0.0, 0.0, 1.0, 0.0]"
"Descriptor_Deck_Division_RDA_4_MSD_multi";"Descriptor_Unit_Mi_2_reco_DDR";1;;1;6;"[0.0, 0.0, 1.0, 0.66]"
"Descriptor_Deck_Division_RDA_4_MSD_multi";"Descriptor_Unit_Mi_8TB_DDR";1;;1;2;"[0.0, 1.0, 0.5, 0.0]"
"Descriptor_Deck_Division_RDA_4_MSD_multi";"Descriptor_Unit_Mi_8TV_DDR";1;;2;2;"[0.0, 1.0, 0.5, 0.0]"
"Descriptor_Deck_Division_RDA_4_MSD_multi";"Descriptor_Unit_Mi_8TV_PodGatling_DDR";1;;1;2;"[0.0, 1.0, 0.5, 0.0]"
"Descriptor_Deck_Division_RDA_4_MSD_multi";"Descriptor_Unit_Mi_8TV_s57_32_DDR";1;;2;2;"[0.0, 1.0, 0.5, 0.0]"
"Descriptor_Deck_Division_RDA_4_MSD_multi";"Descriptor_Unit_Mi_8_supply_DDR";1;;1;4;"[0.0, 1.0, 0.0, 0.0]"
"Descriptor_Deck_Division_RDA_4_MSD_multi";"Descriptor_Unit_Mi_9_DDR";1;;1;2;"[0.0, 1.0, 0.5, 0.0]"
"Descriptor_Deck_Division_RDA_4_MSD_multi";"Descriptor_Unit_MotRifles_BTR_DDR";0;"['Descriptor_Unit_BTR_70_DDR', 'Descriptor_Unit_W50_LA_A_DDR']";1;6;"[0.0, 0.0, 1.0, 0.66]"
"Descriptor_Deck_Division_RDA_4_MSD_multi";"Descriptor_Unit_MotRifles_CMD_DDR";0;"['Descriptor_Unit_BMP_1_SP1_DDR', 'Descriptor_Unit_BMP_1_SP2_DDR', 'Descriptor_Unit_BTR_50_DDR', 'Descriptor_Unit_W50_LA_A_DDR']";4;3;"[0.0, 0.0, 0.0, 1.0]"
"Descriptor_Deck_Division_RDA_4_MSD_multi";"Descriptor_Unit_MotRifles_DDR";0;"['Descriptor_Unit_BMP_1_SP1_DDR', 'Descriptor_Unit_BMP_1_SP2_DDR', 'Descriptor_Unit_BTR_50_DDR', 'Descriptor_Unit_W50_LA_A_DDR']";4;9;"[0.0, 0.0, 1.0, 0.66]"
"Descriptor_Deck_Division_RDA_4_MSD_multi";"Descriptor_Unit_MotRifles_HMG_DDR";0;"['Descriptor_Unit_BMP_1_SP1_DDR', 'Descriptor_Unit_BMP_1_SP2_DDR', 'Descriptor_Unit_BTR_50_DDR', 'Descriptor_Unit_W50_LA_A_DDR']";4;9;"[0.0, 0.0, 1.0, 0.66]"
"Descriptor_Deck_Division_RDA_4_MSD_multi";"Descriptor_Unit_MotSchutzen_DDR";0;"['Descriptor_Unit_BMP_1_SP1_DDR', 'Descriptor_Unit_BMP_1_SP2_DDR', 'Descriptor_Unit_BTR_50_DDR', 'Descriptor_Unit_BTR_70_DDR', 'Descriptor_Unit_W50_LA_A_DDR']";1;9;"[0.0, 0.0, 1.0, 0.66]"
"Descriptor_Deck_Division_RDA_4_MSD_multi";"Descriptor_Unit_PT76B_DDR";1;;1;9;"[0.0, 0.0, 1.0, 0.66]"
"Descriptor_Deck_Division_RDA_4_MSD_multi";"Descriptor_Unit_Scout_DDR";0;"['Descriptor_Unit_UAZ_469_trans_DDR']";2;12;"[0.0, 0.0, 1.0, 0.66]"
"Descriptor_Deck_Division_RDA_4_MSD_multi";"Descriptor_Unit_Su_22_AT_DDR";1;;2;4;"[0.0, 1.0, 0.5, 0.25]"
"Descriptor_Deck_Division_RDA_4_MSD_multi";"Descriptor_Unit_Su_22_DDR";1;;1;3;"[0.0, 1.0, 0.66, 0.3]"
"Descriptor_Deck_Division_RDA_4_MSD_multi";"Descriptor_Unit_Su_22_SEAD_DDR";1;;2;4;"[0.0, 1.0, 0.5, 0.25]"
"Descriptor_Deck_Division_RDA_4_MSD_multi";"Descriptor_Unit_Su_22_clu_DDR";1;;1;3;"[0.0, 1.0, 0.66, 0.3]"
"Descriptor_Deck_Division_RDA_4_MSD_multi";"Descriptor_Unit_Su_22_nplm_DDR";1;;1;3;"[0.0, 1.0, 0.66, 0.3]"
"Descriptor_Deck_Division_RDA_4_MSD_multi";"Descriptor_Unit_T55AM2B_DDR";1;;1;6;"[0.0, 0.0, 1.0, 0.66]"
"Descriptor_Deck_Division_RDA_4_MSD_multi";"Descriptor_Unit_T55AM2_CMD_DDR";1;;2;1;"[0.0, 0.0, 0.0, 1.0]"
"Descriptor_Deck_Division_RDA_4_MSD_multi";"Descriptor_Unit_T55AM2_DDR";1;;2;6;"[0.0, 0.0, 1.0, 0.66]"
"Descriptor_Deck_Division_RDA_4_MSD_multi";"Descriptor_Unit_T55A_CMD_DDR";1;;1;2;"[0.0, 0.0, 0.0, 1.0]"
"Descriptor_Deck_Division_RDA_4_MSD_multi";"Descriptor_Unit_T55A_DDR";1;;1;12;"[0.0, 0.0, 1.0, 0.66]"
"Descriptor_Deck_Division_RDA_4_MSD_multi";"Descriptor_Unit_T813_DDR";1;;2;3;"[0.0, 1.0, 0.0, 0.0]"
"Descriptor_Deck_Division_RDA_4_MSD_multi";"Descriptor_Unit_TO_55_DDR";1;;1;6;"[0.0, 0.0, 1.0, 0.66]"
"Descriptor_Deck_Division_RDA_4_MSD_multi";"Descriptor_Unit_UAZ_469_SPG9_DDR";1;;2;12;"[0.0, 0.0, 1.0, 0.66]"
"Descriptor_Deck_Division_RDA_4_MSD_multi";"Descriptor_Unit_ZSU_23_Shilka_DDR";1;;2;4;"[0.0, 0.0, 1.0, 0.5]"
"Descriptor_Deck_Division_RDA_7_Panzer_multi";"Descriptor_Unit_2K12_KUB_DDR";1;;2;4;"[0.0, 1.0, 0.5, 0.25]"
"Descriptor_Deck_Division_RDA_7_Panzer_multi";"Descriptor_Unit_2S1_DDR";1;;3;6;"[0.0, 0.0, 1.0, 0.66]"
"Descriptor_Deck_Division_RDA_7_Panzer_multi";"Descriptor_Unit_2S3_DDR";1;;2;3;"[0.0, 0.0, 1.0, 0.66]"
"Descriptor_Deck_Division_RDA_7_Panzer_multi";"Descriptor_Unit_ATteam_Fagot_DDR";0;"['Descriptor_Unit_BMP_1_SP1_DDR', 'Descriptor_Unit_BTR_50_DDR', 'Descriptor_Unit_BTR_70_DDR', 'Descriptor_Unit_UAZ_469_trans_DDR']";1;9;"[0.0, 1.0, 0.66, 0.3]"
"Descriptor_Deck_Division_RDA_7_Panzer_multi";"Descriptor_Unit_ATteam_Konkurs_DDR";0;"['Descriptor_Unit_BMP_1_SP1_DDR', 'Descriptor_Unit_BTR_50_DDR', 'Descriptor_Unit_BTR_70_DDR', 'Descriptor_Unit_UAZ_469_trans_DDR']";1;6;"[0.0, 1.0, 0.66, 0.3]"
"Descriptor_Deck_Division_RDA_7_Panzer_multi";"Descriptor_Unit_BMP_1_CMD_DDR";1;;2;3;"[0.0, 0.0, 0.0, 1.0]"
"Descriptor_Deck_Division_RDA_7_Panzer_multi";"Descriptor_Unit_BRDM_2_CMD_DDR";1;;2;3;"[0.0, 0.0, 0.0, 1.0]"
"Descriptor_Deck_Division_RDA_7_Panzer_multi";"Descriptor_Unit_BRDM_2_DDR";1;;2;9;"[0.0, 0.0, 1.0, 0.66]"
"Descriptor_Deck_Division_RDA_7_Panzer_multi";"Descriptor_Unit_BRDM_Konkurs_DDR";1;;2;9;"[0.0, 0.0, 1.0, 0.66]"
"Descriptor_Deck_Division_RDA_7_Panzer_multi";"Descriptor_Unit_BRM_1_DDR";1;;2;6;"[0.0, 0.0, 1.0, 0.66]"
"Descriptor_Deck_Division_RDA_7_Panzer_multi";"Descriptor_Unit_BTR_50_CMD_DDR";1;;1;3;"[0.0, 0.0, 1.0, 0.0]"
"Descriptor_Deck_Division_RDA_7_Panzer_multi";"Descriptor_Unit_Engineers_CMD_DDR";0;"['Descriptor_Unit_BTR_70_DDR', 'Descriptor_Unit_MTLB_trans_DDR', 'Descriptor_Unit_UAZ_469_trans_DDR']";1;3;"[0.0, 0.0, 0.0, 1.0]"
"Descriptor_Deck_Division_RDA_7_Panzer_multi";"Descriptor_Unit_Engineers_DDR";0;"['Descriptor_Unit_BTR_70_DDR', 'Descriptor_Unit_MTLB_trans_DDR', 'Descriptor_Unit_W50_LA_A_DDR']";1;9;"[0.0, 0.0, 1.0, 0.66]"
"Descriptor_Deck_Division_RDA_7_Panzer_multi";"Descriptor_Unit_Engineers_Flam_DDR";0;"['Descriptor_Unit_BTR_70_DDR', 'Descriptor_Unit_MTLB_trans_DDR', 'Descriptor_Unit_W50_LA_A_DDR']";1;6;"[0.0, 0.0, 1.0, 0.66]"
"Descriptor_Deck_Division_RDA_7_Panzer_multi";"Descriptor_Unit_HvyScout_DDR";0;"['Descriptor_Unit_BMP_1_SP1_DDR', 'Descriptor_Unit_BMP_1_SP2_DDR', 'Descriptor_Unit_Mi_2_trans_DDR', 'Descriptor_Unit_W50_LA_A_DDR']";1;6;"[0.0, 0.0, 1.0, 0.66]"
"Descriptor_Deck_Division_RDA_7_Panzer_multi";"Descriptor_Unit_MANPAD_Strela_2M_DDR";0;"['Descriptor_Unit_UAZ_469_trans_DDR']";5;12;"[0.0, 0.0, 1.0, 0.66]"
"Descriptor_Deck_Division_RDA_7_Panzer_multi";"Descriptor_Unit_MFRW_RM70_DDR";1;;3;3;"[0.0, 0.0, 1.0, 0.66]"
"Descriptor_Deck_Division_RDA_7_Panzer_multi";"Descriptor_Unit_MTLB_Strela10_DDR";1;;2;6;"[0.0, 0.0, 1.0, 0.66]"
"Descriptor_Deck_Division_RDA_7_Panzer_multi";"Descriptor_Unit_MTLB_supply_DDR";1;;2;10;"[0.0, 1.0, 0.0, 0.0]"
"Descriptor_Deck_Division_RDA_7_Panzer_multi";"Descriptor_Unit_MiG_21PFM_AA_DDR";1;;2;4;"[0.0, 1.0, 0.5, 0.25]"
"Descriptor_Deck_Division_RDA_7_Panzer_multi";"Descriptor_Unit_MiG_21PFM_DDR";1;;1;3;"[0.0, 1.0, 0.66, 0.3]"
"Descriptor_Deck_Division_RDA_7_Panzer_multi";"Descriptor_Unit_MiG_21bis_AA2_DDR";1;;2;4;"[0.0, 1.0, 0.5, 0.25]"
"Descriptor_Deck_Division_RDA_7_Panzer_multi";"Descriptor_Unit_MiG_21bis_HE_DDR";1;;1;3;"[0.0, 1.0, 0.66, 0.3]"
"Descriptor_Deck_Division_RDA_7_Panzer_multi";"Descriptor_Unit_MiG_23BN_AT_DDR";1;;2;2;"[0.0, 1.0, 0.5, 0.0]"
"Descriptor_Deck_Division_RDA_7_Panzer_multi";"Descriptor_Unit_MiG_23MF_DDR";1;;1;2;"[0.0, 1.0, 0.5, 0.0]"
"Descriptor_Deck_Division_RDA_7_Panzer_multi";"Descriptor_Unit_MiG_23ML_DDR";1;;2;2;"[0.0, 0.0, 1.0, 0.5]"
"Descriptor_Deck_Division_RDA_7_Panzer_multi";"Descriptor_Unit_Mi_24D_s5_AT_DDR";1;;3;1;"[0.0, 0.0, 1.0, 0.0]"
"Descriptor_Deck_Division_RDA_7_Panzer_multi";"Descriptor_Unit_Mi_24P_s8_AT_DDR";1;;2;1;"[0.0, 0.0, 1.0, 0.0]"
"Descriptor_Deck_Division_RDA_7_Panzer_multi";"Descriptor_Unit_Mi_2_reco_DDR";1;;1;6;"[0.0, 0.0, 1.0, 0.66]"
"Descriptor_Deck_Division_RDA_7_Panzer_multi";"Descriptor_Unit_Mi_8TV_DDR";1;;2;2;"[0.0, 1.0, 0.5, 0.0]"
"Descriptor_Deck_Division_RDA_7_Panzer_multi";"Descriptor_Unit_Mi_8TV_s57_32_DDR";1;;2;2;"[0.0, 1.0, 0.5, 0.0]"
"Descriptor_Deck_Division_RDA_7_Panzer_multi";"Descriptor_Unit_MotRifles_BTR_DDR";0;"['Descriptor_Unit_BTR_70_DDR', 'Descriptor_Unit_W50_LA_A_DDR']";1;6;"[0.0, 0.0, 1.0, 0.66]"
"Descriptor_Deck_Division_RDA_7_Panzer_multi";"Descriptor_Unit_MotRifles_CMD_DDR";0;"['Descriptor_Unit_BMP_1_SP1_DDR', 'Descriptor_Unit_BMP_1_SP2_DDR', 'Descriptor_Unit_BTR_50_DDR', 'Descriptor_Unit_W50_LA_A_DDR']";4;3;"[0.0, 0.0, 0.0, 1.0]"
"Descriptor_Deck_Division_RDA_7_Panzer_multi";"Descriptor_Unit_MotRifles_DDR";0;"['Descriptor_Unit_BMP_1_SP1_DDR', 'Descriptor_Unit_BMP_1_SP2_DDR', 'Descriptor_Unit_BTR_50_DDR', 'Descriptor_Unit_W50_LA_A_DDR']";4;9;"[0.0, 0.0, 1.0, 0.66]"
"Descriptor_Deck_Division_RDA_7_Panzer_multi";"Descriptor_Unit_MotRifles_HMG_DDR";0;"['Descriptor_Unit_BMP_1_SP1_DDR', 'Descriptor_Unit_BMP_1_SP2_DDR', 'Descriptor_Unit_BTR_50_DDR', 'Descriptor_Unit_W50_LA_A_DDR']";4;9;"[0.0, 0.0, 1.0, 0.66]"
"Descriptor_Deck_Division_RDA_7_Panzer_multi";"Descriptor_Unit_MotSchutzen_DDR";0;"['Descriptor_Unit_BMP_1_SP1_DDR', 'Descriptor_Unit_BMP_1_SP2_DDR', 'Descriptor_Unit_BTR_50_DDR', 'Descriptor_Unit_BTR_70_DDR', 'Descriptor_Unit_W50_LA_A_DDR']";1;9;"[0.0, 0.0, 1.0, 0.66]"
"Descriptor_Deck_Division_RDA_7_Panzer_multi";"Descriptor_Unit_Scout_DDR";0;"['Descriptor_Unit_UAZ_469_trans_DDR']";2;12;"[0.0, 0.0, 1.0, 0.66]"
"Descriptor_Deck_Division_RDA_7_Panzer_multi";"Descriptor_Unit_Scout_LRRP_DDR";0;"['Descriptor_Unit_Mi_2_trans_DDR', 'Descriptor_Unit_W50_LA_A_DDR']";2;4;"[0.0, 0.0, 1.0, 0.5]"
"Descriptor_Deck_Division_RDA_7_Panzer_multi";"Descriptor_Unit_Su_22_AT_DDR";1;;2;4;"[0.0, 1.0, 0.5, 0.25]"
"Descriptor_Deck_Division_RDA_7_Panzer_multi";"Descriptor_Unit_Su_22_DDR";1;;1;3;"[0.0, 1.0, 0.66, 0.3]"
"Descriptor_Deck_Division_RDA_7_Panzer_multi";"Descriptor_Unit_Su_22_SEAD_DDR";1;;2;4;"[0.0, 1.0, 0.5, 0.25]"
"Descriptor_Deck_Division_RDA_7_Panzer_multi";"Descriptor_Unit_Su_22_clu_DDR";1;;1;3;"[0.0, 1.0, 0.66, 0.3]"
"Descriptor_Deck_Division_RDA_7_Panzer_multi";"Descriptor_Unit_Su_22_nplm_DDR";1;;1;3;"[0.0, 1.0, 0.66, 0.3]"
"Descriptor_Deck_Division_RDA_7_Panzer_multi";"Descriptor_Unit_T55AM2B_DDR";1;;1;6;"[0.0, 0.0, 1.0, 0.66]"
"Descriptor_Deck_Division_RDA_7_Panzer_multi";"Descriptor_Unit_T55AM2_CMD_DDR";1;;2;1;"[0.0, 0.0, 0.0, 1.0]"
"Descriptor_Deck_Division_RDA_7_Panzer_multi";"Descriptor_Unit_T55AM2_DDR";1;;2;6;"[0.0, 0.0, 1.0, 0.66]"
"Descriptor_Deck_Division_RDA_7_Panzer_multi";"Descriptor_Unit_T55A_CMD_DDR";1;;1;2;"[0.0, 0.0, 0.0, 1.0]"
"Descriptor_Deck_Division_RDA_7_Panzer_multi";"Descriptor_Unit_T55A_DDR";1;;1;12;"[0.0, 0.0, 1.0, 0.66]"
"Descriptor_Deck_Division_RDA_7_Panzer_multi";"Descriptor_Unit_T72M1_DDR";1;;1;6;"[0.0, 1.0, 0.66, 0.0]"
"Descriptor_Deck_Division_RDA_7_Panzer_multi";"Descriptor_Unit_T72M_CMD_DDR";1;;1;1;"[0.0, 0.0, 1.0, 0.66]"
"Descriptor_Deck_Division_RDA_7_Panzer_multi";"Descriptor_Unit_T72M_DDR";1;;1;6;"[0.0, 1.0, 0.66, 0.3]"
"Descriptor_Deck_Division_RDA_7_Panzer_multi";"Descriptor_Unit_T72_DDR";1;;1;6;"[0.0, 0.0, 1.0, 0.66]"
"Descriptor_Deck_Division_RDA_7_Panzer_multi";"Descriptor_Unit_T813_DDR";1;;2;3;"[0.0, 1.0, 0.0, 0.0]"
"Descriptor_Deck_Division_RDA_7_Panzer_multi";"Descriptor_Unit_TO_55_DDR";1;;1;6;"[0.0, 0.0, 1.0, 0.66]"
"Descriptor_Deck_Division_RDA_7_Panzer_multi";"Descriptor_Unit_UAZ_469_SPG9_DDR";1;;2;12;"[0.0, 0.0, 1.0, 0.66]"
"Descriptor_Deck_Division_RDA_7_Panzer_multi";"Descriptor_Unit_ZSU_23_Shilka_DDR";1;;2;4;"[0.0, 0.0, 1.0, 0.5]"
"Descriptor_Deck_Division_RFA_2_PzGrenadier_multi";"Descriptor_Unit_ATteam_Milan_1_RFA";0;"['Descriptor_Unit_Iltis_trans_RFA']";1;8;"[0.0, 1.0, 0.5, 0.0]"
"Descriptor_Deck_Division_RFA_2_PzGrenadier_multi";"Descriptor_Unit_ATteam_Milan_2_RFA";0;"['Descriptor_Unit_Iltis_trans_RFA', 'Descriptor_Unit_M113A1G_RFA', 'Descriptor_Unit_Marder_1A2_MILAN_RFA', 'Descriptor_Unit_Marder_1A3_MILAN_RFA', 'Descriptor_Unit_TPZ_Fuchs_MILAN_RFA']";1;6;"[0.0, 1.0, 0.66, 0.3]"
"Descriptor_Deck_Division_RFA_2_PzGrenadier_multi";"Descriptor_Unit_ATteam_Milan_2_para_RFA";0;"['Descriptor_Unit_Iltis_trans_RFA', 'Descriptor_Unit_UH1D_RFA']";1;6;"[0.0, 1.0, 0.66, 0.3]"
"Descriptor_Deck_Division_RFA_2_PzGrenadier_multi";"Descriptor_Unit_ATteam_RCL_M40A1_RFA";0;"['Descriptor_Unit_Iltis_trans_RFA']";1;8;"[0.0, 1.0, 0.5, 0.0]"
"Descriptor_Deck_Division_RFA_2_PzGrenadier_multi";"Descriptor_Unit_Bo_105_PAH_1A1_RFA";1;;1;4;"[0.0, 1.0, 0.5, 0.25]"
"Descriptor_Deck_Division_RFA_2_PzGrenadier_multi";"Descriptor_Unit_Bo_105_PAH_1_RFA";1;;1;6;"[0.0, 1.0, 0.66, 0.3]"
"Descriptor_Deck_Division_RFA_2_PzGrenadier_multi";"Descriptor_Unit_Bo_105_reco_RFA";1;;1;6;"[0.0, 1.0, 0.66, 0.3]"
"Descriptor_Deck_Division_RFA_2_PzGrenadier_multi";"Descriptor_Unit_CH53G_RFA";1;;1;3;"[0.0, 1.0, 0.0, 0.0]"
"Descriptor_Deck_Division_RFA_2_PzGrenadier_multi";"Descriptor_Unit_Engineers_AT_RFA";0;"['Descriptor_Unit_TPZ_Fuchs_1_RFA', 'Descriptor_Unit_TPZ_Fuchs_MILAN_RFA', 'Descriptor_Unit_Unimog_trans_RFA']";1;9;"[0.0, 1.0, 0.66, 0.3]"
"Descriptor_Deck_Division_RFA_2_PzGrenadier_multi";"Descriptor_Unit_Engineers_CMD_RFA";0;"['Descriptor_Unit_Iltis_trans_RFA', 'Descriptor_Unit_TPZ_Fuchs_1_RFA']";1;3;"[0.0, 0.0, 1.0, 0.66]"
"Descriptor_Deck_Division_RFA_2_PzGrenadier_multi";"Descriptor_Unit_Engineers_Flam_RFA";0;"['Descriptor_Unit_TPZ_Fuchs_1_RFA', 'Descriptor_Unit_TPZ_Fuchs_MILAN_RFA', 'Descriptor_Unit_Unimog_trans_RFA']";1;6;"[0.0, 1.0, 0.66, 0.3]"
"Descriptor_Deck_Division_RFA_2_PzGrenadier_multi";"Descriptor_Unit_Engineers_RFA";0;"['Descriptor_Unit_TPZ_Fuchs_1_RFA', 'Descriptor_Unit_TPZ_Fuchs_MILAN_RFA', 'Descriptor_Unit_Unimog_trans_RFA']";1;9;"[0.0, 1.0, 0.66, 0.3]"
"Descriptor_Deck_Division_RFA_2_PzGrenadier_multi";"Descriptor_Unit_F104G_Starfighter_AT_RFA";1;;1;4;"[0.0, 1.0, 0.5, 0.25]"
"Descriptor_Deck_Division_RFA_2_PzGrenadier_multi";"Descriptor_Unit_F4F_Phantom_II_HE2_RFA";1;;1;3;"[0.0, 1.0, 0.66, 0.3]"
"Descriptor_Deck_Division_RFA_2_PzGrenadier_multi";"Descriptor_Unit_FV101_Scorpion_BEL";1;;1;9;"[0.0, 1.0, 0.66, 0.3]"
"Descriptor_Deck_Division_RFA_2_PzGrenadier_multi";"Descriptor_Unit_FV102_Striker_BEL";1;;2;9;"[0.0, 1.0, 0.66, 0.3]"
"Descriptor_Deck_Division_RFA_2_PzGrenadier_multi";"Descriptor_Unit_FV105_Sultan_BEL";1;;1;3;"[0.0, 0.0, 1.0, 0.0]"
"Descriptor_Deck_Division_RFA_2_PzGrenadier_multi";"Descriptor_Unit_FV107_Scimitar_BEL";1;;1;9;"[0.0, 1.0, 0.66, 0.3]"
"Descriptor_Deck_Division_RFA_2_PzGrenadier_multi";"Descriptor_Unit_Fallschirm_RFA";0;"['Descriptor_Unit_UH1D_RFA', 'Descriptor_Unit_Unimog_trans_RFA']";3;4;"[0.0, 0.0, 0.0, 1.0]"
"Descriptor_Deck_Division_RFA_2_PzGrenadier_multi";"Descriptor_Unit_Fallschirmjager_CMD_RFA";0;"['Descriptor_Unit_UH1D_RFA', 'Descriptor_Unit_Unimog_trans_RFA']";1;3;"[0.0, 0.0, 0.0, 1.0]"
"Descriptor_Deck_Division_RFA_2_PzGrenadier_multi";"Descriptor_Unit_Fallschirmjager_Scout_RFA";0;"['Descriptor_Unit_Bo_105_trans_RFA', 'Descriptor_Unit_Iltis_trans_RFA']";1;4;"[0.0, 0.0, 1.0, 0.5]"
"Descriptor_Deck_Division_RFA_2_PzGrenadier_multi";"Descriptor_Unit_Feldgendarmerie_RFA";0;"['Descriptor_Unit_Iltis_trans_RFA']";1;6;"[0.0, 0.0, 1.0, 0.66]"
"Descriptor_Deck_Division_RFA_2_PzGrenadier_multi";"Descriptor_Unit_G91_R3_Gina_HE_RFA";1;;1;3;"[0.0, 1.0, 0.66, 0.0]"
"Descriptor_Deck_Division_RFA_2_PzGrenadier_multi";"Descriptor_Unit_G91_R3_Gina_NPL_RFA";1;;1;2;"[0.0, 1.0, 0.5, 0.0]"
"Descriptor_Deck_Division_RFA_2_PzGrenadier_multi";"Descriptor_Unit_G91_R3_Gina_RKT_RFA";1;;1;3;"[0.0, 1.0, 0.66, 0.0]"
"Descriptor_Deck_Division_RFA_2_PzGrenadier_multi";"Descriptor_Unit_Gepard_1A2_RFA";1;;2;4;"[0.0, 1.0, 0.5, 0.25]"
"Descriptor_Deck_Division_RFA_2_PzGrenadier_multi";"Descriptor_Unit_Harrier_UK";1;;1;3;"[0.0, 1.0, 0.66, 0.0]"
"Descriptor_Deck_Division_RFA_2_PzGrenadier_multi";"Descriptor_Unit_Iltis_RFA";1;;2;4;"[0.0, 0.0, 1.0, 0.5]"
"Descriptor_Deck_Division_RFA_2_PzGrenadier_multi";"Descriptor_Unit_Jager_Aufk_RFA";0;"['Descriptor_Unit_Unimog_trans_RFA']";1;6;"[0.0, 1.0, 0.0, 0.0]"
"Descriptor_Deck_Division_RFA_2_PzGrenadier_multi";"Descriptor_Unit_Jager_CMD_RFA";0;"['Descriptor_Unit_Unimog_trans_RFA']";2;4;"[0.0, 0.0, 1.0, 0.5]"
"Descriptor_Deck_Division_RFA_2_PzGrenadier_multi";"Descriptor_Unit_Jager_RFA";0;"['Descriptor_Unit_Unimog_trans_RFA']";2;9;"[0.0, 1.0, 0.0, 0.0]"
"Descriptor_Deck_Division_RFA_2_PzGrenadier_multi";"Descriptor_Unit_Lars_2_RFA";1;;2;4;"[0.0, 1.0, 0.5, 0.25]"
"Descriptor_Deck_Division_RFA_2_PzGrenadier_multi";"Descriptor_Unit_Leopard_1A1_RFA";1;;2;8;"[0.0, 0.0, 1.0, 0.5]"
"Descriptor_Deck_Division_RFA_2_PzGrenadier_multi";"Descriptor_Unit_Leopard_1A5_CMD_RFA";1;;1;2;"[0.0, 1.0, 0.5, 0.0]"
"Descriptor_Deck_Division_RFA_2_PzGrenadier_multi";"Descriptor_Unit_Leopard_1A5_RFA";1;;2;6;"[0.0, 0.0, 1.0, 0.66]"
"Descriptor_Deck_Division_RFA_2_PzGrenadier_multi";"Descriptor_Unit_Leopard_2A3_CMD_RFA";1;;1;1;"[0.0, 0.0, 1.0, 0.0]"
"Descriptor_Deck_Division_RFA_2_PzGrenadier_multi";"Descriptor_Unit_Leopard_2A3_RFA";1;;2;6;"[0.0, 1.0, 0.66, 0.3]"
"Descriptor_Deck_Division_RFA_2_PzGrenadier_multi";"Descriptor_Unit_Luchs_A1_RFA";1;;2;6;"[0.0, 1.0, 0.66, 0.3]"
"Descriptor_Deck_Division_RFA_2_PzGrenadier_multi";"Descriptor_Unit_M109A3G_HOWZ_RFA";1;;6;3;"[0.0, 1.0, 0.66, 0.3]"
"Descriptor_Deck_Division_RFA_2_PzGrenadier_multi";"Descriptor_Unit_M110A2_Howz_RFA";1;;3;2;"[0.0, 1.0, 0.5, 0.0]"
"Descriptor_Deck_Division_RFA_2_PzGrenadier_multi";"Descriptor_Unit_M113A1G_supply_RFA";1;;2;10;"[0.0, 1.0, 0.0, 0.0]"
"Descriptor_Deck_Division_RFA_2_PzGrenadier_multi";"Descriptor_Unit_M113_PzMorser_RFA";1;;1;4;"[0.0, 1.0, 0.5, 0.25]"
"Descriptor_Deck_Division_RFA_2_PzGrenadier_multi";"Descriptor_Unit_M270_MLRS_RFA";1;;2;3;"[0.0, 1.0, 0.66, 0.3]"
"Descriptor_Deck_Division_RFA_2_PzGrenadier_multi";"Descriptor_Unit_M48A2C_RFA";1;;1;9;"[0.0, 1.0, 0.66, 0.0]"
"Descriptor_Deck_Division_RFA_2_PzGrenadier_multi";"Descriptor_Unit_M577_RFA";1;;3;3;"[0.0, 0.0, 1.0, 0.0]"
"Descriptor_Deck_Division_RFA_2_PzGrenadier_multi";"Descriptor_Unit_MANPAD_Redeye_RFA";0;"['Descriptor_Unit_Iltis_trans_RFA']";4;12;"[0.0, 1.0, 0.66, 0.3]"
"Descriptor_Deck_Division_RFA_2_PzGrenadier_multi";"Descriptor_Unit_MAN_Kat_6x6_RFA";1;;2;3;"[0.0, 1.0, 0.0, 0.0]"
"Descriptor_Deck_Division_RFA_2_PzGrenadier_multi";"Descriptor_Unit_Panzergrenadier_APC_RFA";0;"['Descriptor_Unit_M113A1G_RFA', 'Descriptor_Unit_Unimog_trans_RFA']";3;9;"[0.0, 1.0, 0.66, 0.3]"
"Descriptor_Deck_Division_RFA_2_PzGrenadier_multi";"Descriptor_Unit_Panzergrenadier_CMD_RFA";0;"['Descriptor_Unit_Iltis_trans_RFA', 'Descriptor_Unit_Marder_1A2_RFA', 'Descriptor_Unit_Marder_1A3_RFA']";4;3;"[0.0, 0.0, 1.0, 0.66]"
"Descriptor_Deck_Division_RFA_2_PzGrenadier_multi";"Descriptor_Unit_Panzergrenadier_IFV_RFA";0;"['Descriptor_Unit_Marder_1A2_MILAN_RFA', 'Descriptor_Unit_Marder_1A2_RFA', 'Descriptor_Unit_Marder_1A3_MILAN_RFA', 'Descriptor_Unit_Marder_1A3_RFA', 'Descriptor_Unit_Unimog_trans_RFA']";6;9;"[0.0, 1.0, 0.66, 0.3]"
"Descriptor_Deck_Division_RFA_2_PzGrenadier_multi";"Descriptor_Unit_PzGrenadier_RFA";0;"['Descriptor_Unit_M113A1G_RFA', 'Descriptor_Unit_Marder_1A2_RFA', 'Descriptor_Unit_Marder_1A3_RFA']";1;9;"[0.0, 1.0, 0.66, 0.3]"
"Descriptor_Deck_Division_RFA_2_PzGrenadier_multi";"Descriptor_Unit_Scout_BEL";0;"['Descriptor_Unit_FV103_Spartan_BEL']";4;4;"[0.0, 1.0, 0.5, 0.25]"
"Descriptor_Deck_Division_RFA_2_PzGrenadier_multi";"Descriptor_Unit_Scout_RFA";0;"['Descriptor_Unit_Iltis_trans_RFA', 'Descriptor_Unit_TPZ_Fuchs_1_RFA', 'Descriptor_Unit_UH1D_RFA']";3;6;"[0.0, 1.0, 0.66, 0.3]"
"Descriptor_Deck_Division_RFA_2_PzGrenadier_multi";"Descriptor_Unit_Security_RFA";0;"['Descriptor_Unit_Unimog_trans_RFA']";1;12;"[1.0, 0.0, 0.0, 0.0]"
"Descriptor_Deck_Division_RFA_2_PzGrenadier_multi";"Descriptor_Unit_TPZ_Fuchs_CMD_RFA";1;;1;3;"[0.0, 0.0, 1.0, 0.0]"
"Descriptor_Deck_Division_RFA_2_PzGrenadier_multi";"Descriptor_Unit_TPZ_Fuchs_RASIT_RFA";1;;1;6;"[0.0, 1.0, 0.66, 0.3]"
"Descriptor_Deck_Division_RFA_2_PzGrenadier_multi";"Descriptor_Unit_Tornado_ADV_SEAD_UK";1;;1;2;"[0.0, 1.0, 0.5, 0.0]"
"Descriptor_Deck_Division_RFA_2_PzGrenadier_multi";"Descriptor_Unit_Tornado_ADV_UK";1;;2;2;"[0.0, 1.0, 0.5, 0.0]"
"Descriptor_Deck_Division_RFA_2_PzGrenadier_multi";"Descriptor_Unit_Tornado_IDS_AT1_RFA";1;;1;2;"[0.0, 1.0, 0.5, 0.0]"
"Descriptor_Deck_Division_RFA_2_PzGrenadier_multi";"Descriptor_Unit_Tornado_IDS_CLUS_RFA";1;;1;2;"[0.0, 1.0, 0.5, 0.0]"
"Descriptor_Deck_Division_RFA_2_PzGrenadier_multi";"Descriptor_Unit_Tornado_IDS_HE1_RFA";1;;1;2;"[0.0, 1.0, 0.5, 0.0]"
"Descriptor_Deck_Division_RFA_2_PzGrenadier_multi";"Descriptor_Unit_Tornado_IDS_MW1_RFA";1;;1;2;"[0.0, 1.0, 0.5, 0.0]"
"Descriptor_Deck_Division_RFA_2_PzGrenadier_multi";"Descriptor_Unit_Unimog_S_404_RFA";1;;2;10;"[0.0, 1.0, 0.0, 0.0]"
"Descriptor_Deck_Division_RFA_5_Panzer_multi";"Descriptor_Unit_ATteam_Milan_1_RFA";0;"['Descriptor_Unit_Iltis_trans_RFA']";1;8;"[0.0, 1.0, 0.5, 0.25]"
"Descriptor_Deck_Division_RFA_5_Panzer_multi";"Descriptor_Unit_ATteam_Milan_2_RFA";0;"['Descriptor_Unit_Iltis_trans_RFA', 'Descriptor_Unit_M113A1G_RFA', 'Descriptor_Unit_Marder_1A2_MILAN_RFA', 'Descriptor_Unit_Marder_1A3_MILAN_RFA', 'Descriptor_Unit_TPZ_Fuchs_MILAN_RFA']";1;6;"[0.0, 1.0, 0.66, 0.3]"
"Descriptor_Deck_Division_RFA_5_Panzer_multi";"Descriptor_Unit_ATteam_RCL_M40A1_RFA";0;"['Descriptor_Unit_Iltis_trans_RFA']";1;8;"[0.0, 1.0, 0.5, 0.0]"
"Descriptor_Deck_Division_RFA_5_Panzer_multi";"Descriptor_Unit_Alouette_II_reco_RFA";1;;1;6;"[0.0, 1.0, 0.66, 0.3]"
"Descriptor_Deck_Division_RFA_5_Panzer_multi";"Descriptor_Unit_Alpha_Jet_A_rkt_RFA";1;;1;3;"[0.0, 1.0, 0.66, 0.0]"
"Descriptor_Deck_Division_RFA_5_Panzer_multi";"Descriptor_Unit_Bo_105_PAH_1A1_RFA";1;;1;4;"[0.0, 1.0, 0.5, 0.25]"
"Descriptor_Deck_Division_RFA_5_Panzer_multi";"Descriptor_Unit_Bo_105_PAH_1_RFA";1;;1;6;"[0.0, 1.0, 0.66, 0.3]"
"Descriptor_Deck_Division_RFA_5_Panzer_multi";"Descriptor_Unit_Engineers_AT_RFA";0;"['Descriptor_Unit_TPZ_Fuchs_1_RFA', 'Descriptor_Unit_TPZ_Fuchs_MILAN_RFA', 'Descriptor_Unit_Unimog_trans_RFA']";1;9;"[0.0, 1.0, 0.66, 0.3]"
"Descriptor_Deck_Division_RFA_5_Panzer_multi";"Descriptor_Unit_Engineers_CMD_RFA";0;"['Descriptor_Unit_Iltis_trans_RFA', 'Descriptor_Unit_TPZ_Fuchs_1_RFA']";1;3;"[0.0, 0.0, 1.0, 0.66]"
"Descriptor_Deck_Division_RFA_5_Panzer_multi";"Descriptor_Unit_Engineers_Flam_RFA";0;"['Descriptor_Unit_TPZ_Fuchs_1_RFA', 'Descriptor_Unit_TPZ_Fuchs_MILAN_RFA', 'Descriptor_Unit_Unimog_trans_RFA']";1;6;"[0.0, 1.0, 0.66, 0.3]"
"Descriptor_Deck_Division_RFA_5_Panzer_multi";"Descriptor_Unit_Engineers_RFA";0;"['Descriptor_Unit_TPZ_Fuchs_1_RFA', 'Descriptor_Unit_TPZ_Fuchs_MILAN_RFA', 'Descriptor_Unit_Unimog_trans_RFA']";1;9;"[0.0, 1.0, 0.66, 0.3]"
"Descriptor_Deck_Division_RFA_5_Panzer_multi";"Descriptor_Unit_F104G_Starfighter_RFA";1;;1;6;"[0.0, 1.0, 0.66, 0.3]"
"Descriptor_Deck_Division_RFA_5_Panzer_multi";"Descriptor_Unit_F16E_SEAD_US";1;;1;2;"[0.0, 1.0, 0.5, 0.0]"
"Descriptor_Deck_Division_RFA_5_Panzer_multi";"Descriptor_Unit_F4F_Phantom_II_AA_RFA";1;;2;4;"[0.0, 1.0, 0.5, 0.25]"
"Descriptor_Deck_Division_RFA_5_Panzer_multi";"Descriptor_Unit_F4F_Phantom_II_AT_RFA";1;;2;4;"[0.0, 1.0, 0.5, 0.25]"
"Descriptor_Deck_Division_RFA_5_Panzer_multi";"Descriptor_Unit_F4F_Phantom_II_HE1_RFA";1;;1;3;"[0.0, 1.0, 0.66, 0.3]"
"Descriptor_Deck_Division_RFA_5_Panzer_multi";"Descriptor_Unit_Feldgendarmerie_RFA";0;"['Descriptor_Unit_Iltis_trans_RFA']";1;6;"[0.0, 0.0, 1.0, 0.66]"
"Descriptor_Deck_Division_RFA_5_Panzer_multi";"Descriptor_Unit_Fernspaher_RFA";0;"['Descriptor_Unit_Iltis_trans_RFA', 'Descriptor_Unit_UH1D_RFA']";1;6;"[0.0, 0.0, 1.0, 0.66]"
"Descriptor_Deck_Division_RFA_5_Panzer_multi";"Descriptor_Unit_Gepard_1A2_RFA";1;;2;4;"[0.0, 1.0, 0.5, 0.0]"
"Descriptor_Deck_Division_RFA_5_Panzer_multi";"Descriptor_Unit_Iltis_RFA";1;;2;4;"[0.0, 0.0, 1.0, 0.5]"
"Descriptor_Deck_Division_RFA_5_Panzer_multi";"Descriptor_Unit_Jager_Aufk_RFA";0;"['Descriptor_Unit_Unimog_trans_RFA']";1;6;"[0.0, 1.0, 0.0, 0.0]"
"Descriptor_Deck_Division_RFA_5_Panzer_multi";"Descriptor_Unit_Jager_CMD_RFA";0;"['Descriptor_Unit_Unimog_trans_RFA']";2;4;"[0.0, 0.0, 1.0, 0.0]"
"Descriptor_Deck_Division_RFA_5_Panzer_multi";"Descriptor_Unit_Jager_RFA";0;"['Descriptor_Unit_Unimog_trans_RFA']";2;9;"[0.0, 1.0, 0.0, 0.0]"
"Descriptor_Deck_Division_RFA_5_Panzer_multi";"Descriptor_Unit_Jaguar_1_RFA";1;;1;9;"[0.0, 1.0, 0.66, 0.3]"
"Descriptor_Deck_Division_RFA_5_Panzer_multi";"Descriptor_Unit_Jaguar_2_RFA";1;;1;6;"[0.0, 1.0, 0.66, 0.3]"
"Descriptor_Deck_Division_RFA_5_Panzer_multi";"Descriptor_Unit_Lars_2_RFA";1;;2;4;"[0.0, 1.0, 0.5, 0.25]"
"Descriptor_Deck_Division_RFA_5_Panzer_multi";"Descriptor_Unit_Leopard_1A1_RFA";1;;1;8;"[0.0, 0.0, 1.0, 0.5]"
"Descriptor_Deck_Division_RFA_5_Panzer_multi";"Descriptor_Unit_Leopard_1A5_CMD_RFA";1;;2;2;"[0.0, 1.0, 0.5, 0.0]"
"Descriptor_Deck_Division_RFA_5_Panzer_multi";"Descriptor_Unit_Leopard_1A5_RFA";1;;1;6;"[0.0, 0.0, 1.0, 0.66]"
"Descriptor_Deck_Division_RFA_5_Panzer_multi";"Descriptor_Unit_Leopard_2A3_CMD_RFA";1;;2;1;"[0.0, 0.0, 1.0, 0.0]"
"Descriptor_Deck_Division_RFA_5_Panzer_multi";"Descriptor_Unit_Leopard_2A3_RFA";1;;3;6;"[0.0, 1.0, 0.66, 0.3]"
"Descriptor_Deck_Division_RFA_5_Panzer_multi";"Descriptor_Unit_Luchs_A1_RFA";1;;2;6;"[0.0, 1.0, 0.66, 0.3]"
"Descriptor_Deck_Division_RFA_5_Panzer_multi";"Descriptor_Unit_M109A3G_HOWZ_RFA";1;;6;3;"[0.0, 1.0, 0.66, 0.3]"
"Descriptor_Deck_Division_RFA_5_Panzer_multi";"Descriptor_Unit_M110A2_Howz_RFA";1;;3;2;"[0.0, 1.0, 0.5, 0.0]"
"Descriptor_Deck_Division_RFA_5_Panzer_multi";"Descriptor_Unit_M113A1G_supply_RFA";1;;2;10;"[0.0, 1.0, 0.0, 0.0]"
"Descriptor_Deck_Division_RFA_5_Panzer_multi";"Descriptor_Unit_M113_PzMorser_RFA";1;;1;4;"[0.0, 1.0, 0.5, 0.25]"
"Descriptor_Deck_Division_RFA_5_Panzer_multi";"Descriptor_Unit_M270_MLRS_RFA";1;;2;3;"[0.0, 1.0, 0.66, 0.3]"
"Descriptor_Deck_Division_RFA_5_Panzer_multi";"Descriptor_Unit_M48A2C_RFA";1;;1;9;"[0.0, 1.0, 0.66, 0.0]"
"Descriptor_Deck_Division_RFA_5_Panzer_multi";"Descriptor_Unit_M577_RFA";1;;3;3;"[0.0, 0.0, 1.0, 0.0]"
"Descriptor_Deck_Division_RFA_5_Panzer_multi";"Descriptor_Unit_MANPAD_Redeye_RFA";0;"['Descriptor_Unit_Iltis_trans_RFA']";4;12;"[0.0, 1.0, 0.66, 0.3]"
"Descriptor_Deck_Division_RFA_5_Panzer_multi";"Descriptor_Unit_MAN_Kat_6x6_RFA";1;;2;3;"[0.0, 1.0, 0.0, 0.0]"
"Descriptor_Deck_Division_RFA_5_Panzer_multi";"Descriptor_Unit_Marder_Roland_2_RFA";1;;1;6;"[0.0, 1.0, 0.66, 0.3]"
"Descriptor_Deck_Division_RFA_5_Panzer_multi";"Descriptor_Unit_Marder_Roland_RFA";1;;1;6;"[0.0, 1.0, 0.66, 0.3]"
"Descriptor_Deck_Division_RFA_5_Panzer_multi";"Descriptor_Unit_Panzergrenadier_APC_RFA";0;"['Descriptor_Unit_M113A1G_RFA', 'Descriptor_Unit_Unimog_trans_RFA']";3;9;"[0.0, 1.0, 0.66, 0.3]"
"Descriptor_Deck_Division_RFA_5_Panzer_multi";"Descriptor_Unit_Panzergrenadier_CMD_RFA";0;"['Descriptor_Unit_Iltis_trans_RFA', 'Descriptor_Unit_Marder_1A2_RFA', 'Descriptor_Unit_Marder_1A3_RFA']";4;3;"[0.0, 0.0, 1.0, 0.66]"
"Descriptor_Deck_Division_RFA_5_Panzer_multi";"Descriptor_Unit_Panzergrenadier_IFV_RFA";0;"['Descriptor_Unit_Marder_1A2_MILAN_RFA', 'Descriptor_Unit_Marder_1A2_RFA', 'Descriptor_Unit_Marder_1A3_MILAN_RFA', 'Descriptor_Unit_Marder_1A3_RFA', 'Descriptor_Unit_Unimog_trans_RFA']";6;9;"[0.0, 1.0, 0.66, 0.3]"
"Descriptor_Deck_Division_RFA_5_Panzer_multi";"Descriptor_Unit_PzGrenadier_RFA";0;"['Descriptor_Unit_M113A1G_RFA', 'Descriptor_Unit_Marder_1A2_RFA', 'Descriptor_Unit_Marder_1A3_RFA']";1;9;"[0.0, 1.0, 0.66, 0.3]"
"Descriptor_Deck_Division_RFA_5_Panzer_multi";"Descriptor_Unit_Scout_RFA";0;"['Descriptor_Unit_Iltis_trans_RFA', 'Descriptor_Unit_TPZ_Fuchs_1_RFA', 'Descriptor_Unit_UH1D_RFA']";3;6;"[0.0, 1.0, 0.66, 0.3]"
"Descriptor_Deck_Division_RFA_5_Panzer_multi";"Descriptor_Unit_Security_RFA";0;"['Descriptor_Unit_Unimog_trans_RFA']";1;12;"[1.0, 0.0, 0.0, 0.0]"
"Descriptor_Deck_Division_RFA_5_Panzer_multi";"Descriptor_Unit_TPZ_Fuchs_CMD_RFA";1;;1;3;"[0.0, 0.0, 1.0, 0.0]"
"Descriptor_Deck_Division_RFA_5_Panzer_multi";"Descriptor_Unit_TPZ_Fuchs_RASIT_RFA";1;;1;6;"[0.0, 1.0, 0.66, 0.3]"
"Descriptor_Deck_Division_RFA_5_Panzer_multi";"Descriptor_Unit_Tornado_IDS_CLUS_RFA";1;;1;2;"[0.0, 1.0, 0.5, 0.0]"
"Descriptor_Deck_Division_RFA_5_Panzer_multi";"Descriptor_Unit_Tornado_IDS_HE1_RFA";1;;1;2;"[0.0, 1.0, 0.5, 0.0]"
"Descriptor_Deck_Division_RFA_5_Panzer_multi";"Descriptor_Unit_Tornado_IDS_MW1_RFA";1;;1;2;"[0.0, 1.0, 0.5, 0.0]"
"Descriptor_Deck_Division_RFA_5_Panzer_multi";"Descriptor_Unit_Unimog_S_404_RFA";1;;2;10;"[0.0, 1.0, 0.0, 0.0]"
"Descriptor_Deck_Division_SOV_39_Gds_Rifle_multi";"Descriptor_Unit_2K12_KUB_SOV";1;;2;4;"[0.0, 1.0, 0.5, 0.25]"
"Descriptor_Deck_Division_SOV_39_Gds_Rifle_multi";"Descriptor_Unit_2S1_Gvozdika_SOV";1;;3;6;"[0.0, 1.0, 0.66, 0.3]"
"Descriptor_Deck_Division_SOV_39_Gds_Rifle_multi";"Descriptor_Unit_2S3M_Akatsiya_SOV";1;;2;3;"[0.0, 1.0, 0.66, 0.0]"
"Descriptor_Deck_Division_SOV_39_Gds_Rifle_multi";"Descriptor_Unit_ATteam_Fagot_SOV";0;"['Descriptor_Unit_BMP_1P_SOV', 'Descriptor_Unit_BTR_60_SOV', 'Descriptor_Unit_UAZ_469_SOV']";1;9;"[0.0, 1.0, 0.66, 0.3]"
"Descriptor_Deck_Division_SOV_39_Gds_Rifle_multi";"Descriptor_Unit_ATteam_Konkurs_SOV";0;"['Descriptor_Unit_BMP_1P_SOV', 'Descriptor_Unit_BTR_60_SOV', 'Descriptor_Unit_UAZ_469_SOV']";1;6;"[0.0, 1.0, 0.66, 0.3]"
"Descriptor_Deck_Division_SOV_39_Gds_Rifle_multi";"Descriptor_Unit_BM21_Grad_SOV";1;;3;3;"[0.0, 1.0, 0.66, 0.0]"
"Descriptor_Deck_Division_SOV_39_Gds_Rifle_multi";"Descriptor_Unit_BM27_Uragan_SOV";1;;2;2;"[0.0, 1.0, 0.5, 0.0]"
"Descriptor_Deck_Division_SOV_39_Gds_Rifle_multi";"Descriptor_Unit_BMP_1_CMD_SOV";1;;3;3;"[0.0, 0.0, 1.0, 0.0]"
"Descriptor_Deck_Division_SOV_39_Gds_Rifle_multi";"Descriptor_Unit_BRDM_2_Konkurs_SOV";1;;2;9;"[0.0, 1.0, 0.66, 0.3]"
"Descriptor_Deck_Division_SOV_39_Gds_Rifle_multi";"Descriptor_Unit_BRDM_2_SOV";1;;2;9;"[0.0, 1.0, 0.66, 0.3]"
"Descriptor_Deck_Division_SOV_39_Gds_Rifle_multi";"Descriptor_Unit_BRDM_Strela_1_SOV";1;;1;8;"[0.0, 1.0, 0.5, 0.25]"
"Descriptor_Deck_Division_SOV_39_Gds_Rifle_multi";"Descriptor_Unit_BRM_1_SOV";1;;2;6;"[0.0, 1.0, 0.66, 0.3]"
"Descriptor_Deck_Division_SOV_39_Gds_Rifle_multi";"Descriptor_Unit_BTR_60_CMD_SOV";1;;2;3;"[0.0, 0.0, 1.0, 0.0]"
"Descriptor_Deck_Division_SOV_39_Gds_Rifle_multi";"Descriptor_Unit_Engineers_CMD_SOV";0;"['Descriptor_Unit_BTR_60_SOV', 'Descriptor_Unit_UAZ_469_SOV']";1;3;"[0.0, 0.0, 1.0, 0.66]"
"Descriptor_Deck_Division_SOV_39_Gds_Rifle_multi";"Descriptor_Unit_Engineers_Flam_SOV";0;"['Descriptor_Unit_BTR_60_SOV', 'Descriptor_Unit_GAZ_66_SOV']";1;6;"[0.0, 0.0, 1.0, 0.66]"
"Descriptor_Deck_Division_SOV_39_Gds_Rifle_multi";"Descriptor_Unit_Engineers_SOV";0;"['Descriptor_Unit_BTR_60_SOV', 'Descriptor_Unit_GAZ_66_SOV']";1;9;"[0.0, 0.0, 1.0, 0.66]"
"Descriptor_Deck_Division_SOV_39_Gds_Rifle_multi";"Descriptor_Unit_FireSupport_SOV";0;"['Descriptor_Unit_BTR_60_SOV', 'Descriptor_Unit_GAZ_66_SOV']";1;9;"[0.0, 1.0, 0.66, 0.3]"
"Descriptor_Deck_Division_SOV_39_Gds_Rifle_multi";"Descriptor_Unit_Grenzer_DDR";0;"['Descriptor_Unit_W50_LA_A_DDR']";2;6;"[0.0, 1.0, 0.0, 0.0]"
"Descriptor_Deck_Division_SOV_39_Gds_Rifle_multi";"Descriptor_Unit_HvyScout_SOV";0;"['Descriptor_Unit_BMP_1P_SOV', 'Descriptor_Unit_GAZ_66_SOV', 'Descriptor_Unit_Mi_2_trans_SOV', 'Descriptor_Unit_Mi_8TV_SOV']";1;6;"[0.0, 1.0, 0.66, 0.3]"
"Descriptor_Deck_Division_SOV_39_Gds_Rifle_multi";"Descriptor_Unit_MANPAD_Igla_SOV";0;"['Descriptor_Unit_UAZ_469_SOV']";5;12;"[0.0, 1.0, 0.66, 0.3]"
"Descriptor_Deck_Division_SOV_39_Gds_Rifle_multi";"Descriptor_Unit_MTLB_Shturm_SOV";1;;2;4;"[0.0, 1.0, 0.5, 0.25]"
"Descriptor_Deck_Division_SOV_39_Gds_Rifle_multi";"Descriptor_Unit_MTLB_Strela10_SOV";1;;1;6;"[0.0, 1.0, 0.66, 0.0]"
"Descriptor_Deck_Division_SOV_39_Gds_Rifle_multi";"Descriptor_Unit_MTLB_supply_SOV";1;;2;10;"[0.0, 1.0, 0.0, 0.0]"
"Descriptor_Deck_Division_SOV_39_Gds_Rifle_multi";"Descriptor_Unit_MiG_23MF_DDR";1;;2;3;"[0.0, 1.0, 0.66, 0.3]"
"Descriptor_Deck_Division_SOV_39_Gds_Rifle_multi";"Descriptor_Unit_MiG_23P_SOV";1;;2;2;"[0.0, 0.0, 1.0, 0.5]"
"Descriptor_Deck_Division_SOV_39_Gds_Rifle_multi";"Descriptor_Unit_Mi_24VP_SOV";1;;2;1;"[0.0, 0.0, 1.0, 0.0]"
"Descriptor_Deck_Division_SOV_39_Gds_Rifle_multi";"Descriptor_Unit_Mi_24V_AA_SOV";1;;3;1;"[0.0, 0.0, 1.0, 0.0]"
"Descriptor_Deck_Division_SOV_39_Gds_Rifle_multi";"Descriptor_Unit_Mi_24V_AT_SOV";1;;3;1;"[0.0, 0.0, 1.0, 0.0]"
"Descriptor_Deck_Division_SOV_39_Gds_Rifle_multi";"Descriptor_Unit_Mi_24V_RKT_SOV";1;;3;1;"[0.0, 0.0, 1.0, 0.0]"
"Descriptor_Deck_Division_SOV_39_Gds_Rifle_multi";"Descriptor_Unit_Mi_8K_CMD_SOV";1;;1;2;"[0.0, 1.0, 0.5, 0.0]"
"Descriptor_Deck_Division_SOV_39_Gds_Rifle_multi";"Descriptor_Unit_Mi_8R_SOV";1;;1;6;"[0.0, 1.0, 0.66, 0.3]"
"Descriptor_Deck_Division_SOV_39_Gds_Rifle_multi";"Descriptor_Unit_Mi_8TV_s57_16_SOV";1;;2;2;"[0.0, 1.0, 0.5, 0.0]"
"Descriptor_Deck_Division_SOV_39_Gds_Rifle_multi";"Descriptor_Unit_Mi_8TV_s57_32_SOV";1;;2;2;"[0.0, 1.0, 0.5, 0.0]"
"Descriptor_Deck_Division_SOV_39_Gds_Rifle_multi";"Descriptor_Unit_Mi_8TV_s80_SOV";1;;1;2;"[0.0, 1.0, 0.5, 0.0]"
"Descriptor_Deck_Division_SOV_39_Gds_Rifle_multi";"Descriptor_Unit_MotRifles_BTR_SOV";0;"['Descriptor_Unit_BTR_60_SOV', 'Descriptor_Unit_GAZ_66_SOV']";2;9;"[0.0, 1.0, 0.66, 0.3]"
"Descriptor_Deck_Division_SOV_39_Gds_Rifle_multi";"Descriptor_Unit_MotRifles_CMD_SOV";0;"['Descriptor_Unit_BMP_1P_SOV', 'Descriptor_Unit_BMP_2_SOV', 'Descriptor_Unit_BMP_3_SOV', 'Descriptor_Unit_MTLB_transp_SOV', 'Descriptor_Unit_UAZ_469_SOV']";4;3;"[0.0, 0.0, 1.0, 0.0]"
"Descriptor_Deck_Division_SOV_39_Gds_Rifle_multi";"Descriptor_Unit_MotRifles_HMG_SOV";0;"['Descriptor_Unit_BMP_1P_SOV', 'Descriptor_Unit_BMP_2_SOV', 'Descriptor_Unit_BMP_3_SOV', 'Descriptor_Unit_MTLB_transp_SOV']";1;9;"[0.0, 1.0, 0.66, 0.3]"
"Descriptor_Deck_Division_SOV_39_Gds_Rifle_multi";"Descriptor_Unit_MotRifles_Metis_SOV";0;"['Descriptor_Unit_BMP_1P_SOV', 'Descriptor_Unit_MTLB_transp_SOV']";2;6;"[0.0, 1.0, 0.66, 0.3]"
"Descriptor_Deck_Division_SOV_39_Gds_Rifle_multi";"Descriptor_Unit_MotRifles_SOV";0;"['Descriptor_Unit_BMP_1P_SOV', 'Descriptor_Unit_BMP_2_SOV', 'Descriptor_Unit_BMP_3_SOV', 'Descriptor_Unit_MTLB_transp_SOV']";4;9;"[0.0, 1.0, 0.66, 0.3]"
"Descriptor_Deck_Division_SOV_39_Gds_Rifle_multi";"Descriptor_Unit_Osa_9K33M3_SOV";1;;2;6;"[0.0, 1.0, 0.66, 0.3]"
"Descriptor_Deck_Division_SOV_39_Gds_Rifle_multi";"Descriptor_Unit_Scout_SOV";0;"['Descriptor_Unit_UAZ_469_SOV']";4;12;"[0.0, 1.0, 0.66, 0.3]"
"Descriptor_Deck_Division_SOV_39_Gds_Rifle_multi";"Descriptor_Unit_Su_22_DDR";1;;1;3;"[0.0, 1.0, 0.66, 0.3]"
"Descriptor_Deck_Division_SOV_39_Gds_Rifle_multi";"Descriptor_Unit_Su_24M_SOV";1;;1;2;"[0.0, 0.0, 1.0, 0.5]"
"Descriptor_Deck_Division_SOV_39_Gds_Rifle_multi";"Descriptor_Unit_Su_24M_clu_SOV";1;;1;2;"[0.0, 0.0, 1.0, 0.5]"
"Descriptor_Deck_Division_SOV_39_Gds_Rifle_multi";"Descriptor_Unit_Su_24M_nplm_SOV";1;;1;2;"[0.0, 0.0, 1.0, 0.5]"
"Descriptor_Deck_Division_SOV_39_Gds_Rifle_multi";"Descriptor_Unit_Su_25_SOV";1;;2;2;"[0.0, 0.0, 1.0, 0.5]"
"Descriptor_Deck_Division_SOV_39_Gds_Rifle_multi";"Descriptor_Unit_Su_25_clu_SOV";1;;2;2;"[0.0, 0.0, 1.0, 0.5]"
"Descriptor_Deck_Division_SOV_39_Gds_Rifle_multi";"Descriptor_Unit_Su_25_nplm_SOV";1;;2;2;"[0.0, 0.0, 1.0, 0.5]"
"Descriptor_Deck_Division_SOV_39_Gds_Rifle_multi";"Descriptor_Unit_Su_25_rkt_SOV";1;;2;2;"[0.0, 0.0, 1.0, 0.5]"
"Descriptor_Deck_Division_SOV_39_Gds_Rifle_multi";"Descriptor_Unit_Su_27S_SOV";1;;1;2;"[0.0, 0.0, 1.0, 0.5]"
"Descriptor_Deck_Division_SOV_39_Gds_Rifle_multi";"Descriptor_Unit_T62M1_SOV";1;;1;8;"[0.0, 0.0, 1.0, 0.5]"
"Descriptor_Deck_Division_SOV_39_Gds_Rifle_multi";"Descriptor_Unit_T62MV_SOV";1;;1;4;"[0.0, 0.0, 1.0, 0.66]"
"Descriptor_Deck_Division_SOV_39_Gds_Rifle_multi";"Descriptor_Unit_T62M_CMD_SOV";1;;1;2;"[0.0, 0.0, 0.0, 1.0]"
"Descriptor_Deck_Division_SOV_39_Gds_Rifle_multi";"Descriptor_Unit_T62M_SOV";1;;1;6;"[0.0, 0.0, 1.0, 0.66]"
"Descriptor_Deck_Division_SOV_39_Gds_Rifle_multi";"Descriptor_Unit_T80BV_CMD_SOV";1;;3;1;"[0.0, 0.0, 1.0, 0.0]"
"Descriptor_Deck_Division_SOV_39_Gds_Rifle_multi";"Descriptor_Unit_T80BV_SOV";1;;4;6;"[0.0, 1.0, 0.66, 0.3]"
"Descriptor_Deck_Division_SOV_39_Gds_Rifle_multi";"Descriptor_Unit_T80B_SOV";1;;1;9;"[0.0, 1.0, 0.66, 0.3]"
"Descriptor_Deck_Division_SOV_39_Gds_Rifle_multi";"Descriptor_Unit_UAZ_469_AGL_SOV";1;;3;12;"[0.0, 1.0, 0.66, 0.3]"
"Descriptor_Deck_Division_SOV_39_Gds_Rifle_multi";"Descriptor_Unit_UAZ_469_SPG9_DDR";1;;2;12;"[0.0, 1.0, 0.66, 0.3]"
"Descriptor_Deck_Division_SOV_39_Gds_Rifle_multi";"Descriptor_Unit_Ural_4320_SOV";1;;2;5;"[0.0, 1.0, 0.0, 0.0]"
"Descriptor_Deck_Division_SOV_39_Gds_Rifle_multi";"Descriptor_Unit_ZSU_23_Shilka_SOV";1;;2;4;"[0.0, 1.0, 0.5, 0.25]"
"Descriptor_Deck_Division_SOV_79_Gds_Tank_multi";"Descriptor_Unit_2K12_KUB_SOV";1;;2;4;"[0.0, 1.0, 0.5, 0.25]"
"Descriptor_Deck_Division_SOV_79_Gds_Tank_multi";"Descriptor_Unit_2S1_Gvozdika_SOV";1;;1;6;"[0.0, 1.0, 0.66, 0.3]"
"Descriptor_Deck_Division_SOV_79_Gds_Tank_multi";"Descriptor_Unit_2S3M_Akatsiya_SOV";1;;2;3;"[0.0, 1.0, 0.66, 0.0]"
"Descriptor_Deck_Division_SOV_79_Gds_Tank_multi";"Descriptor_Unit_ATteam_Fagot_SOV";0;"['Descriptor_Unit_BMP_1P_SOV', 'Descriptor_Unit_BTR_60_SOV', 'Descriptor_Unit_UAZ_469_SOV']";1;9;"[0.0, 1.0, 0.66, 0.3]"
"Descriptor_Deck_Division_SOV_79_Gds_Tank_multi";"Descriptor_Unit_ATteam_Konkurs_SOV";0;"['Descriptor_Unit_BMP_1P_SOV', 'Descriptor_Unit_BTR_60_SOV', 'Descriptor_Unit_UAZ_469_SOV']";1;6;"[0.0, 1.0, 0.66, 0.3]"
"Descriptor_Deck_Division_SOV_79_Gds_Tank_multi";"Descriptor_Unit_BM21_Grad_SOV";1;;3;3;"[0.0, 1.0, 0.66, 0.0]"
"Descriptor_Deck_Division_SOV_79_Gds_Tank_multi";"Descriptor_Unit_BMP_1_CMD_SOV";1;;3;3;"[0.0, 0.0, 1.0, 0.0]"
"Descriptor_Deck_Division_SOV_79_Gds_Tank_multi";"Descriptor_Unit_BRDM_2_CMD_SOV";1;;2;3;"[0.0, 0.0, 1.0, 0.0]"
"Descriptor_Deck_Division_SOV_79_Gds_Tank_multi";"Descriptor_Unit_BRDM_2_Konkurs_SOV";1;;2;9;"[0.0, 1.0, 0.66, 0.3]"
"Descriptor_Deck_Division_SOV_79_Gds_Tank_multi";"Descriptor_Unit_BRDM_2_SOV";1;;2;9;"[0.0, 1.0, 0.66, 0.3]"
"Descriptor_Deck_Division_SOV_79_Gds_Tank_multi";"Descriptor_Unit_BRM_1_SOV";1;;2;6;"[0.0, 1.0, 0.66, 0.3]"
"Descriptor_Deck_Division_SOV_79_Gds_Tank_multi";"Descriptor_Unit_Engineers_CMD_SOV";0;"['Descriptor_Unit_BTR_60_SOV', 'Descriptor_Unit_UAZ_469_SOV']";1;3;"[0.0, 0.0, 1.0, 0.66]"
"Descriptor_Deck_Division_SOV_79_Gds_Tank_multi";"Descriptor_Unit_Engineers_Flam_SOV";0;"['Descriptor_Unit_BTR_60_SOV', 'Descriptor_Unit_GAZ_66_SOV']";1;6;"[0.0, 1.0, 0.66, 0.3]"
"Descriptor_Deck_Division_SOV_79_Gds_Tank_multi";"Descriptor_Unit_Engineers_SOV";0;"['Descriptor_Unit_BTR_60_SOV', 'Descriptor_Unit_GAZ_66_SOV']";1;9;"[0.0, 1.0, 0.66, 0.3]"
"Descriptor_Deck_Division_SOV_79_Gds_Tank_multi";"Descriptor_Unit_HvyScout_SOV";0;"['Descriptor_Unit_BMP_1P_SOV', 'Descriptor_Unit_GAZ_66_SOV', 'Descriptor_Unit_Mi_2_trans_SOV', 'Descriptor_Unit_Mi_8TV_SOV']";1;6;"[0.0, 1.0, 0.66, 0.3]"
"Descriptor_Deck_Division_SOV_79_Gds_Tank_multi";"Descriptor_Unit_MANPAD_Igla_SOV";0;"['Descriptor_Unit_UAZ_469_SOV']";5;12;"[0.0, 1.0, 0.66, 0.3]"
"Descriptor_Deck_Division_SOV_79_Gds_Tank_multi";"Descriptor_Unit_MTLB_Strela10_SOV";1;;2;6;"[0.0, 1.0, 0.66, 0.0]"
"Descriptor_Deck_Division_SOV_79_Gds_Tank_multi";"Descriptor_Unit_MTLB_supply_SOV";1;;2;10;"[0.0, 1.0, 0.0, 0.0]"
"Descriptor_Deck_Division_SOV_79_Gds_Tank_multi";"Descriptor_Unit_MiG_23ML_SOV";1;;2;2;"[0.0, 0.0, 1.0, 0.5]"
"Descriptor_Deck_Division_SOV_79_Gds_Tank_multi";"Descriptor_Unit_MiG_23P_SOV";1;;2;2;"[0.0, 0.0, 1.0, 0.5]"
"Descriptor_Deck_Division_SOV_79_Gds_Tank_multi";"Descriptor_Unit_MiG_27M_sead_SOV";1;;1;2;"[0.0, 1.0, 0.5, 0.0]"
"Descriptor_Deck_Division_SOV_79_Gds_Tank_multi";"Descriptor_Unit_MiG_31M_SOV";1;;2;2;"[0.0, 0.0, 1.0, 0.5]"
"Descriptor_Deck_Division_SOV_79_Gds_Tank_multi";"Descriptor_Unit_Mi_24V_AA_SOV";1;;2;1;"[0.0, 0.0, 1.0, 0.0]"
"Descriptor_Deck_Division_SOV_79_Gds_Tank_multi";"Descriptor_Unit_Mi_24V_AT_SOV";1;;1;1;"[0.0, 0.0, 1.0, 0.0]"
"Descriptor_Deck_Division_SOV_79_Gds_Tank_multi";"Descriptor_Unit_Mi_8K_CMD_SOV";1;;1;2;"[0.0, 0.0, 1.0, 0.0]"
"Descriptor_Deck_Division_SOV_79_Gds_Tank_multi";"Descriptor_Unit_Mi_8R_SOV";1;;1;6;"[0.0, 1.0, 0.66, 0.3]"
"Descriptor_Deck_Division_SOV_79_Gds_Tank_multi";"Descriptor_Unit_Mi_8TV_s57_16_SOV";1;;2;2;"[0.0, 1.0, 0.5, 0.0]"
"Descriptor_Deck_Division_SOV_79_Gds_Tank_multi";"Descriptor_Unit_Mi_8TV_s80_SOV";1;;1;2;"[0.0, 1.0, 0.5, 0.0]"
"Descriptor_Deck_Division_SOV_79_Gds_Tank_multi";"Descriptor_Unit_MotRifles_BTR_SOV";0;"['Descriptor_Unit_BTR_60_SOV']";1;9;"[0.0, 1.0, 0.66, 0.3]"
"Descriptor_Deck_Division_SOV_79_Gds_Tank_multi";"Descriptor_Unit_MotRifles_CMD_SOV";0;"['Descriptor_Unit_BMP_1P_SOV', 'Descriptor_Unit_BMP_2_SOV', 'Descriptor_Unit_UAZ_469_SOV']";4;3;"[0.0, 0.0, 1.0, 0.0]"
"Descriptor_Deck_Division_SOV_79_Gds_Tank_multi";"Descriptor_Unit_MotRifles_HMG_SOV";0;"['Descriptor_Unit_BMP_1P_SOV', 'Descriptor_Unit_BMP_2_SOV']";1;9;"[0.0, 1.0, 0.66, 0.3]"
"Descriptor_Deck_Division_SOV_79_Gds_Tank_multi";"Descriptor_Unit_MotRifles_Metis_SOV";0;"['Descriptor_Unit_BMP_1P_SOV']";2;6;"[0.0, 1.0, 0.66, 0.3]"
"Descriptor_Deck_Division_SOV_79_Gds_Tank_multi";"Descriptor_Unit_MotRifles_SOV";0;"['Descriptor_Unit_BMP_1P_SOV', 'Descriptor_Unit_BMP_2_SOV']";4;9;"[0.0, 1.0, 0.66, 0.3]"
"Descriptor_Deck_Division_SOV_79_Gds_Tank_multi";"Descriptor_Unit_Osa_9K33M3_SOV";1;;2;6;"[0.0, 1.0, 0.66, 0.3]"
"Descriptor_Deck_Division_SOV_79_Gds_Tank_multi";"Descriptor_Unit_Scout_LRRP_SOV";0;"['Descriptor_Unit_Mi_2_trans_SOV', 'Descriptor_Unit_Mi_8TV_SOV']";1;6;"[0.0, 1.0, 0.66, 0.3]"
"Descriptor_Deck_Division_SOV_79_Gds_Tank_multi";"Descriptor_Unit_Scout_SOV";0;"['Descriptor_Unit_UAZ_469_SOV']";2;12;"[0.0, 1.0, 0.66, 0.3]"
"Descriptor_Deck_Division_SOV_79_Gds_Tank_multi";"Descriptor_Unit_Su_24M_SOV";1;;1;2;"[0.0, 0.0, 1.0, 0.5]"
"Descriptor_Deck_Division_SOV_79_Gds_Tank_multi";"Descriptor_Unit_Su_24M_clu_SOV";1;;1;2;"[0.0, 0.0, 1.0, 0.5]"
"Descriptor_Deck_Division_SOV_79_Gds_Tank_multi";"Descriptor_Unit_Su_24M_nplm_SOV";1;;1;2;"[0.0, 0.0, 1.0, 0.5]"
"Descriptor_Deck_Division_SOV_79_Gds_Tank_multi";"Descriptor_Unit_Su_25_SOV";1;;2;2;"[0.0, 0.0, 1.0, 0.5]"
"Descriptor_Deck_Division_SOV_79_Gds_Tank_multi";"Descriptor_Unit_Su_25_clu_SOV";1;;2;2;"[0.0, 0.0, 1.0, 0.5]"
"Descriptor_Deck_Division_SOV_79_Gds_Tank_multi";"Descriptor_Unit_Su_25_he_SOV";1;;2;2;"[0.0, 0.0, 1.0, 0.5]"
"Descriptor_Deck_Division_SOV_79_Gds_Tank_multi";"Descriptor_Unit_Su_25_nplm_SOV";1;;2;2;"[0.0, 0.0, 1.0, 0.5]"
"Descriptor_Deck_Division_SOV_79_Gds_Tank_multi";"Descriptor_Unit_Su_25_rkt_SOV";1;;2;2;"[0.0, 0.0, 1.0, 0.5]"
"Descriptor_Deck_Division_SOV_79_Gds_Tank_multi";"Descriptor_Unit_T62M1_SOV";1;;1;8;"[0.0, 0.0, 1.0, 0.5]"
"Descriptor_Deck_Division_SOV_79_Gds_Tank_multi";"Descriptor_Unit_T80BV_CMD_SOV";1;;3;1;"[0.0, 0.0, 1.0, 0.0]"
"Descriptor_Deck_Division_SOV_79_Gds_Tank_multi";"Descriptor_Unit_T80BV_SOV";1;;5;6;"[0.0, 1.0, 0.66, 0.3]"
"Descriptor_Deck_Division_SOV_79_Gds_Tank_multi";"Descriptor_Unit_T80B_SOV";1;;1;9;"[0.0, 1.0, 0.66, 0.3]"
"Descriptor_Deck_Division_SOV_79_Gds_Tank_multi";"Descriptor_Unit_T80U_CMD_SOV";1;;1;1;"[0.0, 0.0, 1.0, 0.0]"
"Descriptor_Deck_Division_SOV_79_Gds_Tank_multi";"Descriptor_Unit_T80U_SOV";1;;4;3;"[0.0, 1.0, 0.66, 0.3]"
"Descriptor_Deck_Division_SOV_79_Gds_Tank_multi";"Descriptor_Unit_Tunguska_2K22_SOV";1;;2;3;"[0.0, 1.0, 0.66, 0.0]"
"Descriptor_Deck_Division_SOV_79_Gds_Tank_multi";"Descriptor_Unit_UAZ_469_AGL_SOV";1;;2;12;"[0.0, 1.0, 0.66, 0.3]"
"Descriptor_Deck_Division_SOV_79_Gds_Tank_multi";"Descriptor_Unit_Ural_4320_SOV";1;;2;5;"[0.0, 1.0, 0.0, 0.0]"
"Descriptor_Deck_Division_US_3rd_Arm_multi";"Descriptor_Unit_A10_Thunderbolt_II_ATGM_US";1;;2;2;"[0.0, 1.0, 0.5, 0.0]"
"Descriptor_Deck_Division_US_3rd_Arm_multi";"Descriptor_Unit_A10_Thunderbolt_II_US";1;;2;2;"[0.0, 1.0, 0.5, 0.0]"
"Descriptor_Deck_Division_US_3rd_Arm_multi";"Descriptor_Unit_AH1F_Cobra_US";1;;2;4;"[0.0, 1.0, 0.5, 0.25]"
"Descriptor_Deck_Division_US_3rd_Arm_multi";"Descriptor_Unit_AH1S_Cobra_US";1;;3;2;"[0.0, 0.0, 1.0, 0.5]"
"Descriptor_Deck_Division_US_3rd_Arm_multi";"Descriptor_Unit_AH64_Apache_US";1;;4;1;"[0.0, 0.0, 1.0, 0.0]"
"Descriptor_Deck_Division_US_3rd_Arm_multi";"Descriptor_Unit_AH64_Apache_emp1_US";1;;4;1;"[0.0, 0.0, 1.0, 0.0]"
"Descriptor_Deck_Division_US_3rd_Arm_multi";"Descriptor_Unit_AH64_Apache_emp2_US";1;;4;1;"[0.0, 0.0, 1.0, 0.0]"
"Descriptor_Deck_Division_US_3rd_Arm_multi";"Descriptor_Unit_ATteam_ITOW_US";0;"['Descriptor_Unit_M113A3_US', 'Descriptor_Unit_M151_MUTT_trans_US']";1;8;"[0.0, 1.0, 0.5, 0.25]"
"Descriptor_Deck_Division_US_3rd_Arm_multi";"Descriptor_Unit_ATteam_TOW2_US";0;"['Descriptor_Unit_M113A3_US', 'Descriptor_Unit_M151_MUTT_trans_US']";1;6;"[0.0, 1.0, 0.66, 0.3]"
"Descriptor_Deck_Division_US_3rd_Arm_multi";"Descriptor_Unit_AeroRifles_US";0;"['Descriptor_Unit_UH60A_Black_Hawk_US']";1;9;"[0.0, 1.0, 0.66, 0.3]"
"Descriptor_Deck_Division_US_3rd_Arm_multi";"Descriptor_Unit_Engineer_CMD_US";0;"['Descriptor_Unit_M113A3_US', 'Descriptor_Unit_M35_trans_US']";1;4;"[0.0, 0.0, 1.0, 0.5]"
"Descriptor_Deck_Division_US_3rd_Arm_multi";"Descriptor_Unit_Engineers_Dragon_US";0;"['Descriptor_Unit_M113A3_US', 'Descriptor_Unit_M35_trans_US']";3;6;"[0.0, 1.0, 0.66, 0.3]"
"Descriptor_Deck_Division_US_3rd_Arm_multi";"Descriptor_Unit_Engineers_Flash_US";0;"['Descriptor_Unit_M113A3_US', 'Descriptor_Unit_M35_trans_US']";1;9;"[0.0, 1.0, 0.66, 0.3]"
"Descriptor_Deck_Division_US_3rd_Arm_multi";"Descriptor_Unit_Engineers_US";0;"['Descriptor_Unit_M113A3_US', 'Descriptor_Unit_M35_trans_US']";1;9;"[0.0, 1.0, 0.66, 0.3]"
"Descriptor_Deck_Division_US_3rd_Arm_multi";"Descriptor_Unit_F111E_Aardvark_CBU_US";1;;1;2;"[0.0, 1.0, 0.5, 0.0]"
"Descriptor_Deck_Division_US_3rd_Arm_multi";"Descriptor_Unit_F111E_Aardvark_US";1;;1;2;"[0.0, 1.0, 0.5, 0.0]"
"Descriptor_Deck_Division_US_3rd_Arm_multi";"Descriptor_Unit_F111E_Aardvark_napalm_US";1;;1;2;"[0.0, 1.0, 0.5, 0.0]"
"Descriptor_Deck_Division_US_3rd_Arm_multi";"Descriptor_Unit_F15C_Eagle_AA_US";1;;2;2;"[0.0, 0.0, 1.0, 0.5]"
"Descriptor_Deck_Division_US_3rd_Arm_multi";"Descriptor_Unit_F4E_Phantom_II_AA_US";1;;1;4;"[0.0, 1.0, 0.5, 0.25]"
"Descriptor_Deck_Division_US_3rd_Arm_multi";"Descriptor_Unit_F4E_Phantom_II_CBU_US";1;;1;3;"[0.0, 1.0, 0.66, 0.3]"
"Descriptor_Deck_Division_US_3rd_Arm_multi";"Descriptor_Unit_F4E_Phantom_II_HE_US";1;;1;3;"[0.0, 1.0, 0.66, 0.3]"
"Descriptor_Deck_Division_US_3rd_Arm_multi";"Descriptor_Unit_F4E_Phantom_II_napalm_US";1;;1;3;"[0.0, 1.0, 0.66, 0.3]"
"Descriptor_Deck_Division_US_3rd_Arm_multi";"Descriptor_Unit_F4_Wild_Weasel_US";1;;1;4;"[0.0, 1.0, 0.5, 0.25]"
"Descriptor_Deck_Division_US_3rd_Arm_multi";"Descriptor_Unit_HEMTT";1;;2;2;"[0.0, 1.0, 0.0, 0.0]"
"Descriptor_Deck_Division_US_3rd_Arm_multi";"Descriptor_Unit_LRRP_US";0;"['Descriptor_Unit_M998_Humvee_US', 'Descriptor_Unit_UH60A_Black_Hawk_US']";2;4;"[0.0, 0.0, 1.0, 0.5]"
"Descriptor_Deck_Division_US_3rd_Arm_multi";"Descriptor_Unit_M106A2_HOWZ_US";1;;2;6;"[0.0, 1.0, 0.66, 0.3]"
"Descriptor_Deck_Division_US_3rd_Arm_multi";"Descriptor_Unit_M109A2_HOWZ_US";1;;6;3;"[0.0, 1.0, 0.66, 0.3]"
"Descriptor_Deck_Division_US_3rd_Arm_multi";"Descriptor_Unit_M113A1_TOW_US";1;;1;6;"[0.0, 1.0, 0.66, 0.3]"
"Descriptor_Deck_Division_US_3rd_Arm_multi";"Descriptor_Unit_M113A2_supply_US";1;;2;10;"[0.0, 1.0, 0.0, 0.0]"
"Descriptor_Deck_Division_US_3rd_Arm_multi";"Descriptor_Unit_M113_ACAV_US";1;;1;9;"[0.0, 1.0, 0.66, 0.3]"
"Descriptor_Deck_Division_US_3rd_Arm_multi";"Descriptor_Unit_M151_MUTT_CMD_US";1;;2;4;"[0.0, 0.0, 1.0, 0.5]"
"Descriptor_Deck_Division_US_3rd_Arm_multi";"Descriptor_Unit_M163_PIVADS_US";1;;2;9;"[0.0, 1.0, 0.66, 0.3]"
"Descriptor_Deck_Division_US_3rd_Arm_multi";"Descriptor_Unit_M1A1HA_Abrams_US";1;;4;3;"[0.0, 1.0, 0.66, 0.3]"
"Descriptor_Deck_Division_US_3rd_Arm_multi";"Descriptor_Unit_M1A1_Abrams_CMD_US";1;;3;1;"[0.0, 0.0, 1.0, 0.0]"
"Descriptor_Deck_Division_US_3rd_Arm_multi";"Descriptor_Unit_M1A1_Abrams_US";1;;6;6;"[0.0, 1.0, 0.66, 0.3]"
"Descriptor_Deck_Division_US_3rd_Arm_multi";"Descriptor_Unit_M270_MLRS_US";1;;2;3;"[0.0, 1.0, 0.66, 0.3]"
"Descriptor_Deck_Division_US_3rd_Arm_multi";"Descriptor_Unit_M270_MLRS_cluster_US";1;;2;3;"[0.0, 1.0, 0.66, 0.3]"
"Descriptor_Deck_Division_US_3rd_Arm_multi";"Descriptor_Unit_M35_supply_US";1;;2;6;"[0.0, 1.0, 0.0, 0.0]"
"Descriptor_Deck_Division_US_3rd_Arm_multi";"Descriptor_Unit_M3A1_Bradley_CFV_US";1;;2;6;"[0.0, 1.0, 0.66, 0.3]"
"Descriptor_Deck_Division_US_3rd_Arm_multi";"Descriptor_Unit_M48_Chaparral_MIM72F_US";1;;2;6;"[0.0, 1.0, 0.66, 0.0]"
"Descriptor_Deck_Division_US_3rd_Arm_multi";"Descriptor_Unit_M577_US";1;;3;3;"[0.0, 0.0, 1.0, 0.0]"
"Descriptor_Deck_Division_US_3rd_Arm_multi";"Descriptor_Unit_M728_CEV_US";1;;1;6;"[0.0, 1.0, 0.66, 0.3]"
"Descriptor_Deck_Division_US_3rd_Arm_multi";"Descriptor_Unit_M901A1_ITW_US";1;;2;6;"[0.0, 1.0, 0.66, 0.3]"
"Descriptor_Deck_Division_US_3rd_Arm_multi";"Descriptor_Unit_M901_TOW_US";1;;1;9;"[0.0, 1.0, 0.66, 0.3]"
"Descriptor_Deck_Division_US_3rd_Arm_multi";"Descriptor_Unit_MANPAD_Stinger_C_US";0;"['Descriptor_Unit_M151_MUTT_trans_US']";5;12;"[0.0, 1.0, 0.66, 0.3]"
"Descriptor_Deck_Division_US_3rd_Arm_multi";"Descriptor_Unit_MP_RCL_US";0;"['Descriptor_Unit_M151_MUTT_trans_US']";1;9;"[0.0, 0.0, 1.0, 0.66]"
"Descriptor_Deck_Division_US_3rd_Arm_multi";"Descriptor_Unit_MP_US";0;"['Descriptor_Unit_M151_MUTT_trans_US']";1;8;"[0.0, 0.0, 1.0, 0.5]"
"Descriptor_Deck_Division_US_3rd_Arm_multi";"Descriptor_Unit_OH58C_Scout_US";1;;2;6;"[0.0, 1.0, 0.66, 0.3]"
"Descriptor_Deck_Division_US_3rd_Arm_multi";"Descriptor_Unit_OH58D_Kiowa_Warrior_US";1;;1;2;"[0.0, 0.0, 1.0, 0.66]"
"Descriptor_Deck_Division_US_3rd_Arm_multi";"Descriptor_Unit_OH58_CS_US";1;;2;2;"[0.0, 0.0, 1.0, 0.66]"
"Descriptor_Deck_Division_US_3rd_Arm_multi";"Descriptor_Unit_Rifles_CMD_US";0;"['Descriptor_Unit_M113A3_US', 'Descriptor_Unit_M35_trans_US']";4;3;"[0.0, 0.0, 1.0, 0.0]"
"Descriptor_Deck_Division_US_3rd_Arm_multi";"Descriptor_Unit_Rifles_US";0;"['Descriptor_Unit_M113A3_US', 'Descriptor_Unit_M35_trans_US']";2;9;"[0.0, 1.0, 0.66, 0.3]"
"Descriptor_Deck_Division_US_3rd_Arm_multi";"Descriptor_Unit_Rifles_half_Dragon_US";0;"['Descriptor_Unit_M2A2_Bradley_IFV_US']";3;9;"[0.0, 1.0, 0.66, 0.3]"
"Descriptor_Deck_Division_US_3rd_Arm_multi";"Descriptor_Unit_Rifles_half_LAW_US";0;"['Descriptor_Unit_M2A2_Bradley_IFV_US']";3;9;"[0.0, 1.0, 0.66, 0.3]"
"Descriptor_Deck_Division_US_3rd_Arm_multi";"Descriptor_Unit_Scout_US";0;"['Descriptor_Unit_M113A3_US', 'Descriptor_Unit_M151_MUTT_trans_US', 'Descriptor_Unit_UH60A_Black_Hawk_US']";2;9;"[0.0, 1.0, 0.66, 0.3]"
"Descriptor_Deck_Division_US_3rd_Arm_multi";"Descriptor_Unit_UH60A_CO_US";1;;1;2;"[0.0, 0.0, 1.0, 0.0]"
"Descriptor_Deck_Division_US_3rd_Arm_multi";"Descriptor_Unit_UH60A_Supply_US";1;;1;4;"[0.0, 1.0, 0.0, 0.0]"
"Descriptor_Deck_Division_US_8th_Inf_multi";"Descriptor_Unit_A10_Thunderbolt_II_ATGM_US";1;;2;2;"[0.0, 1.0, 0.5, 0.0]"
"Descriptor_Deck_Division_US_8th_Inf_multi";"Descriptor_Unit_A10_Thunderbolt_II_US";1;;2;2;"[0.0, 1.0, 0.5, 0.0]"
"Descriptor_Deck_Division_US_8th_Inf_multi";"Descriptor_Unit_AH1F_Cobra_US";1;;3;4;"[0.0, 1.0, 0.5, 0.25]"
"Descriptor_Deck_Division_US_8th_Inf_multi";"Descriptor_Unit_AH1S_Cobra_US";1;;4;2;"[0.0, 0.0, 1.0, 0.5]"
"Descriptor_Deck_Division_US_8th_Inf_multi";"Descriptor_Unit_ATteam_ITOW_US";0;"['Descriptor_Unit_M113A3_US', 'Descriptor_Unit_M151_MUTT_trans_US']";1;8;"[0.0, 1.0, 0.5, 0.25]"
"Descriptor_Deck_Division_US_8th_Inf_multi";"Descriptor_Unit_ATteam_Milan_1_RFA";0;"['Descriptor_Unit_Iltis_trans_RFA']";1;8;"[0.0, 1.0, 0.5, 0.25]"
"Descriptor_Deck_Division_US_8th_Inf_multi";"Descriptor_Unit_ATteam_TOW2_US";0;"['Descriptor_Unit_M113A3_US', 'Descriptor_Unit_M151_MUTT_trans_US']";1;6;"[0.0, 1.0, 0.66, 0.3]"
"Descriptor_Deck_Division_US_8th_Inf_multi";"Descriptor_Unit_AeroRifles_US";0;"['Descriptor_Unit_UH60A_Black_Hawk_US']";1;9;"[0.0, 1.0, 0.66, 0.3]"
"Descriptor_Deck_Division_US_8th_Inf_multi";"Descriptor_Unit_Alpha_Jet_A_he_RFA";1;;2;3;"[0.0, 1.0, 0.66, 0.0]"
"Descriptor_Deck_Division_US_8th_Inf_multi";"Descriptor_Unit_Alpha_Jet_A_nplm_RFA";1;;2;2;"[0.0, 1.0, 0.5, 0.0]"
"Descriptor_Deck_Division_US_8th_Inf_multi";"Descriptor_Unit_EF111_Raven";1;;1;2;"[0.0, 0.0, 1.0, 0.5]"
"Descriptor_Deck_Division_US_8th_Inf_multi";"Descriptor_Unit_Engineer_CMD_US";0;"['Descriptor_Unit_M113A3_US', 'Descriptor_Unit_M151_MUTT_trans_US']";1;4;"[0.0, 0.0, 1.0, 0.5]"
"Descriptor_Deck_Division_US_8th_Inf_multi";"Descriptor_Unit_Engineers_Dragon_US";0;"['Descriptor_Unit_M113A3_US', 'Descriptor_Unit_M35_trans_US']";3;6;"[0.0, 1.0, 0.66, 0.3]"
"Descriptor_Deck_Division_US_8th_Inf_multi";"Descriptor_Unit_Engineers_Flash_US";0;"['Descriptor_Unit_M113A3_US', 'Descriptor_Unit_M151_MUTT_trans_US']";1;9;"[0.0, 1.0, 0.66, 0.3]"
"Descriptor_Deck_Division_US_8th_Inf_multi";"Descriptor_Unit_Engineers_US";0;"['Descriptor_Unit_M113A3_US', 'Descriptor_Unit_M35_trans_US']";1;9;"[0.0, 1.0, 0.66, 0.3]"
"Descriptor_Deck_Division_US_8th_Inf_multi";"Descriptor_Unit_F111F_Aardvark_US";1;;1;2;"[0.0, 1.0, 0.5, 0.0]"
"Descriptor_Deck_Division_US_8th_Inf_multi";"Descriptor_Unit_F16E_AA_US";1;;3;2;"[0.0, 1.0, 0.5, 0.0]"
"Descriptor_Deck_Division_US_8th_Inf_multi";"Descriptor_Unit_F16E_CBU_US";1;;2;2;"[0.0, 1.0, 0.5, 0.0]"
"Descriptor_Deck_Division_US_8th_Inf_multi";"Descriptor_Unit_HEMTT";1;;2;2;"[0.0, 1.0, 0.0, 0.0]"
"Descriptor_Deck_Division_US_8th_Inf_multi";"Descriptor_Unit_HeimatschutzJager_RFA";0;"['Descriptor_Unit_Unimog_trans_RFA']";1;12;"[1.0, 0.0, 0.0, 0.0]"
"Descriptor_Deck_Division_US_8th_Inf_multi";"Descriptor_Unit_Jager_Aufk_RFA";0;"['Descriptor_Unit_Unimog_trans_RFA']";1;6;"[0.0, 1.0, 0.0, 0.0]"
"Descriptor_Deck_Division_US_8th_Inf_multi";"Descriptor_Unit_Jager_CMD_RFA";0;"['Descriptor_Unit_Iltis_trans_RFA']";2;4;"[0.0, 0.0, 1.0, 0.0]"
"Descriptor_Deck_Division_US_8th_Inf_multi";"Descriptor_Unit_Jager_RFA";0;"['Descriptor_Unit_Unimog_trans_RFA']";2;9;"[0.0, 1.0, 0.0, 0.0]"
"Descriptor_Deck_Division_US_8th_Inf_multi";"Descriptor_Unit_KanJagdPanzer_RFA";1;;1;12;"[0.0, 1.0, 0.66, 0.0]"
"Descriptor_Deck_Division_US_8th_Inf_multi";"Descriptor_Unit_LRRP_US";0;"['Descriptor_Unit_M998_Humvee_US', 'Descriptor_Unit_UH60A_Black_Hawk_US']";2;4;"[0.0, 0.0, 1.0, 0.5]"
"Descriptor_Deck_Division_US_8th_Inf_multi";"Descriptor_Unit_M106A2_HOWZ_US";1;;2;6;"[0.0, 1.0, 0.66, 0.3]"
"Descriptor_Deck_Division_US_8th_Inf_multi";"Descriptor_Unit_M109A2_HOWZ_US";1;;6;3;"[0.0, 1.0, 0.66, 0.3]"
"Descriptor_Deck_Division_US_8th_Inf_multi";"Descriptor_Unit_M110A2_HOWZ_US";1;;3;2;"[0.0, 1.0, 0.5, 0.0]"
"Descriptor_Deck_Division_US_8th_Inf_multi";"Descriptor_Unit_M113A1_TOW_US";1;;1;6;"[0.0, 1.0, 0.66, 0.3]"
"Descriptor_Deck_Division_US_8th_Inf_multi";"Descriptor_Unit_M113A2_supply_US";1;;2;10;"[0.0, 1.0, 0.0, 0.0]"
"Descriptor_Deck_Division_US_8th_Inf_multi";"Descriptor_Unit_M113_ACAV_US";1;;1;9;"[0.0, 1.0, 0.66, 0.3]"
"Descriptor_Deck_Division_US_8th_Inf_multi";"Descriptor_Unit_M125_HOWZ_US";1;;2;6;"[0.0, 1.0, 0.66, 0.3]"
"Descriptor_Deck_Division_US_8th_Inf_multi";"Descriptor_Unit_M151A2_scout_US";1;;2;8;"[0.0, 1.0, 0.5, 0.25]"
"Descriptor_Deck_Division_US_8th_Inf_multi";"Descriptor_Unit_M151_MUTT_CMD_US";1;;2;4;"[0.0, 0.0, 1.0, 0.5]"
"Descriptor_Deck_Division_US_8th_Inf_multi";"Descriptor_Unit_M163_PIVADS_US";1;;2;9;"[0.0, 1.0, 0.66, 0.3]"
"Descriptor_Deck_Division_US_8th_Inf_multi";"Descriptor_Unit_M1A1_Abrams_US";1;;3;6;"[0.0, 1.0, 0.66, 0.3]"
"Descriptor_Deck_Division_US_8th_Inf_multi";"Descriptor_Unit_M1_Abrams_CMD_US";1;;2;2;"[0.0, 1.0, 0.5, 0.0]"
"Descriptor_Deck_Division_US_8th_Inf_multi";"Descriptor_Unit_M1_Abrams_US";1;;4;6;"[0.0, 1.0, 0.66, 0.3]"
"Descriptor_Deck_Division_US_8th_Inf_multi";"Descriptor_Unit_M270_MLRS_US";1;;2;3;"[0.0, 1.0, 0.66, 0.3]"
"Descriptor_Deck_Division_US_8th_Inf_multi";"Descriptor_Unit_M35_supply_US";1;;2;6;"[0.0, 1.0, 0.0, 0.0]"
"Descriptor_Deck_Division_US_8th_Inf_multi";"Descriptor_Unit_M3A1_Bradley_CFV_US";1;;2;6;"[0.0, 1.0, 0.66, 0.3]"
"Descriptor_Deck_Division_US_8th_Inf_multi";"Descriptor_Unit_M48_Chaparral_MIM72F_US";1;;2;6;"[0.0, 1.0, 0.66, 0.0]"
"Descriptor_Deck_Division_US_8th_Inf_multi";"Descriptor_Unit_M577_US";1;;3;3;"[0.0, 0.0, 1.0, 0.0]"
"Descriptor_Deck_Division_US_8th_Inf_multi";"Descriptor_Unit_M60A3_CMD_US";1;;1;3;"[0.0, 0.0, 1.0, 0.0]"
"Descriptor_Deck_Division_US_8th_Inf_multi";"Descriptor_Unit_M60A3_Patton_US";1;;2;6;"[0.0, 0.0, 1.0, 0.66]"
"Descriptor_Deck_Division_US_8th_Inf_multi";"Descriptor_Unit_M728_CEV_US";1;;1;6;"[0.0, 1.0, 0.66, 0.3]"
"Descriptor_Deck_Division_US_8th_Inf_multi";"Descriptor_Unit_M901A1_ITW_US";1;;2;6;"[0.0, 1.0, 0.66, 0.3]"
"Descriptor_Deck_Division_US_8th_Inf_multi";"Descriptor_Unit_M901_TOW_US";1;;1;9;"[0.0, 1.0, 0.66, 0.3]"
"Descriptor_Deck_Division_US_8th_Inf_multi";"Descriptor_Unit_MANPAD_Redeye_RFA";0;"['Descriptor_Unit_Iltis_trans_RFA']";1;16;"[0.0, 1.0, 0.0, 0.0]"
"Descriptor_Deck_Division_US_8th_Inf_multi";"Descriptor_Unit_MANPAD_Stinger_C_US";0;"['Descriptor_Unit_M151_MUTT_trans_US']";5;12;"[0.0, 1.0, 0.66, 0.3]"
"Descriptor_Deck_Division_US_8th_Inf_multi";"Descriptor_Unit_MP_RCL_US";0;"['Descriptor_Unit_M151_MUTT_trans_US']";1;9;"[0.0, 0.0, 1.0, 0.66]"
"Descriptor_Deck_Division_US_8th_Inf_multi";"Descriptor_Unit_MP_US";0;"['Descriptor_Unit_M151_MUTT_trans_US']";1;8;"[0.0, 0.0, 1.0, 0.5]"
"Descriptor_Deck_Division_US_8th_Inf_multi";"Descriptor_Unit_OH58C_Scout_US";1;;2;6;"[0.0, 1.0, 0.66, 0.3]"
"Descriptor_Deck_Division_US_8th_Inf_multi";"Descriptor_Unit_OH58D_Kiowa_Warrior_US";1;;1;2;"[0.0, 0.0, 1.0, 0.5]"
"Descriptor_Deck_Division_US_8th_Inf_multi";"Descriptor_Unit_OH58_CS_US";1;;2;2;"[0.0, 0.0, 1.0, 0.5]"
"Descriptor_Deck_Division_US_8th_Inf_multi";"Descriptor_Unit_Ranger_US";0;"['Descriptor_Unit_M998_Humvee_US', 'Descriptor_Unit_UH60A_Black_Hawk_US']";1;6;"[0.0, 0.0, 1.0, 0.66]"
"Descriptor_Deck_Division_US_8th_Inf_multi";"Descriptor_Unit_Rifles_CMD_US";0;"['Descriptor_Unit_M113_Dragon_US', 'Descriptor_Unit_M113A3_US', 'Descriptor_Unit_M151_MUTT_trans_US']";4;3;"[0.0, 0.0, 1.0, 0.0]"
"Descriptor_Deck_Division_US_8th_Inf_multi";"Descriptor_Unit_Rifles_HMG_US";0;"['Descriptor_Unit_M113A3_US', 'Descriptor_Unit_M35_trans_US']";1;9;"[0.0, 1.0, 0.66, 0.3]"
"Descriptor_Deck_Division_US_8th_Inf_multi";"Descriptor_Unit_Rifles_LAW_US";0;"['Descriptor_Unit_M113_Dragon_US', 'Descriptor_Unit_M35_trans_US']";2;9;"[0.0, 1.0, 0.66, 0.3]"
"Descriptor_Deck_Division_US_8th_Inf_multi";"Descriptor_Unit_Rifles_US";0;"['Descriptor_Unit_M113A3_US', 'Descriptor_Unit_M35_trans_US']";3;9;"[0.0, 1.0, 0.66, 0.3]"
"Descriptor_Deck_Division_US_8th_Inf_multi";"Descriptor_Unit_Rifles_half_AT4_US";0;"['Descriptor_Unit_M113_Dragon_US', 'Descriptor_Unit_M113A3_US', 'Descriptor_Unit_M35_trans_US']";1;9;"[0.0, 1.0, 0.66, 0.3]"
"Descriptor_Deck_Division_US_8th_Inf_multi";"Descriptor_Unit_Rifles_half_LAW_US";0;"['Descriptor_Unit_M113_Dragon_US', 'Descriptor_Unit_M113A3_US', 'Descriptor_Unit_M35_trans_US']";2;9;"[0.0, 1.0, 0.66, 0.3]"
"Descriptor_Deck_Division_US_8th_Inf_multi";"Descriptor_Unit_Scout_US";0;"['Descriptor_Unit_M113_Dragon_US']";3;9;"[0.0, 1.0, 0.66, 0.3]"
"Descriptor_Deck_Division_US_8th_Inf_multi";"Descriptor_Unit_UH60A_CO_US";1;;1;2;"[0.0, 0.0, 1.0, 0.0]"
"Descriptor_Deck_Division_US_8th_Inf_multi";"Descriptor_Unit_UH60A_Supply_US";1;;1;4;"[0.0, 1.0, 0.0, 0.0]"
